#,height,body_weight,body_fat_percentage,A_hand,Forearm_length,Upper_arm_length,Foot_length,Crim_length,Thigh_length,Head_and_neck_manager,Cervical_circumference,Upper_brachial_circumference,Front_arm_maximum_enclosure,Upper_chest_circumference,Abdominal_circumference,Femur_circumference,Crim_circumference,Owl_head_lower_edge_height,Shoulder_peak_height
AT000501,166.5,71.4,21.8,17.7,23.2,30.2,23.9,38.9,40.2,25.5,39.8,30.3,26.6,98.4,93.9,55,38.9,101.1,133.1
AT000601,165.5,59,19.8,16.8,25.9,30.5,24.2,34.9,47.3,27.1,35,27.5,25.7,89.5,85.4,50.4,36.5,97.6,130.6
AT000701,160.7,50.4,18.1,17.1,24.6,26.4,23.4,34.8,41.4,25.1,34.5,25.9,23.9,87.3,79.5,50,33.7,95.1,125.4
AT000801,162.1,62.5,22.2,16.5,24.1,29.6,23.8,35.3,37.3,25.2,39,32.1,25.5,99.6,90.1,51.5,35.3,97.8,129.4
AT000901,172.5,77.5,26.2,17,24.3,30.6,23.9,38.9,39.7,26.3,38.7,32,28.8,101.8,95,54.9,40.4,102.9,138.5
AT001001,169.3,65.8,25.4,18.2,25.5,30.6,25.3,38.8,42.1,26.3,36.8,27.9,26.1,93.7,82.7,54,35.8,101.9,135.9
AT001101,176.8,76.2,26.5,18,25.8,32.9,25.7,37.6,39,25.3,39.5,30.1,26,95.6,90.2,53.8,35.3,106.1,142.5
AT001201,166.7,54.3,14.9,17.4,24.2,29.6,24.1,36.5,38.4,25.6,35.1,26.7,24.1,83.1,83.3,47.9,36.4,98.6,130.4
AT001301,172.6,73.9,24.6,19.3,24.5,34.5,25,38.7,38.9,23.3,38.7,32.3,27.5,99,92.8,55,38.5,100,137.7
AT001401,180.9,74,19.3,19,25.8,31.2,25.2,40.2,40.8,24.3,35.7,29.5,25.1,94.5,99.4,56.3,40.1,111.3,146.7
AT001501,168.5,71.9,28.5,17.3,24.3,31.1,23.4,38.4,36.7,23.3,39.3,30.1,28.2,98,88.2,54.3,38,102.4,135.3
AT001601,174.6,79.4,21.6,19,25.5,29,26,37.5,47.3,27.7,38.7,32,29.4,99,86.5,57.9,42.6,109.2,138.2
AT001701,169.1,55.7,17.4,17.8,25.6,31.4,24.4,37,37.8,26,33.4,23.7,23.3,86.6,74,50.4,35.5,101.5,135.8
AT001801,150.3,52.1,28.4,17.4,20.8,25.8,21.9,33.7,36.9,23.4,32,25,22.1,88.3,89,54,35.4,91.6,117.6
AT002001,161.5,49.7,12.3,18.3,23.2,31.3,24.2,36.4,36.5,23,32,24.3,22.9,82,77.3,45.9,33.5,98.2,132.2
AT002101,161.5,58.3,18.3,16.9,25.2,30.7,24.3,34.4,34.4,25.9,36.3,27.5,25.4,90.8,81.5,53.3,34.2,93.4,127.2
AT002201,161.2,55.2,17.1,17.8,24.3,31.3,24.5,35.7,36.3,23.5,37.6,26.3,24.8,91,87.5,48.5,33,96.3,129.2
AT002301,165.3,71.5,28.7,18,24.9,30.7,24,36.3,42.9,23.5,38.3,30,28.6,98.5,95.5,54,36,98.7,133.6
AT002401,165.8,62.6,16.6,17.9,25.1,30.5,24.5,35.2,38.3,22.2,36.7,24.4,23.6,95.6,89.4,48,34.7,101.1,133.3
AT002501,165.1,62.4,16.9,18.5,24,28.9,23.9,35,40.3,24.2,37.7,27.3,26,94.8,82.2,50,35,108.8,132.9
AT002601,155.3,47.5,15.9,18,23.2,29,23.4,35,42.2,25,33.5,25.7,24.6,89,77.2,43.6,32.1,96,126.2
AT002701,163.7,55.2,16.3,17.2,24.8,29.5,23.3,34.5,35.1,23.5,36.6,25.4,24.1,88.7,85.2,45,32.4,99.3,132
AT002801,165.9,68,24.6,18.8,24.8,31.7,25.6,36.1,36.5,21.5,39.9,30.3,26.4,96,93.3,48.3,33.5,98.2,133
AT002901,160.7,62.7,31.4,17.7,23.5,29,23.3,36.1,40.5,23.7,34.8,31.7,23.7,93.1,97.8,55.2,36.2,96.8,127.3
AT003001,156.3,65.6,35.2,17.7,24,28,22.4,33.6,42.2,22.9,35,29.5,25.2,95,93.2,54,37.1,93.8,125.5
AT003101,159.6,51.3,14.1,18.7,25.5,27.2,23.3,33.5,38,23.8,35,25,23.3,91.8,87.3,46.2,30.9,91.5,123.4
AT003201,147.7,51.8,29.6,16.7,21.6,27.6,23.3,34.4,38.2,22.7,31.4,27.3,21,89.3,96.3,52.7,33.1,89.9,118.8
AT003301,158.4,47.1,13.6,17.5,23.9,30,24,34.3,38.7,22.9,34,24.3,22.5,87,77.2,43.1,29,102,129.9
AT003401,162.6,58.9,13.4,17.4,24.2,28.6,24,36.8,37,22.6,39,27,24.2,94.7,89,50.3,38,98.8,130.1
AT003501,150.2,68.8,36.2,16,23.1,27.4,22.4,33.3,33.5,21.7,34,34,26.3,95.7,105.5,59.9,38.7,91.7,121
AT003601,157.9,54.5,15.1,15.5,21.6,28.2,23.8,32.6,37.2,25.6,35.1,24.3,24.8,87.5,77.3,47.3,35.1,94,126.4
AT003701,154,44.1,19.1,16.7,23,30.3,22.9,33.8,37,22.8,30.6,25.3,21.8,79.9,79.9,44.8,31.3,93.8,124.2
AT003801,156.9,54.2,24,17.3,24.2,30,23.9,36.8,37.3,22.2,32.5,25.6,20.9,83.7,92,50.3,32.4,93.7,126.2
AT003901,154.8,62.2,19.3,19,23.6,28.4,24.5,32.2,41.4,25.2,37.4,31,27.2,97,92,49.7,36.6,92.7,124.1
AT004001,160.2,48,12.3,18.2,23.5,30.5,23.5,35,38.9,23.8,35,25.5,22.2,85.3,81.7,42.3,30.5,93.8,128.3
AT004101,161.5,63.4,22.2,17,24.6,29.4,23.8,35.7,38.9,23.3,38.3,27,25,92.2,91.5,51,35.2,98.3,129.6
AT004201,158.7,55.9,17.3,17.2,23,29,25.2,34.3,35.6,24.3,35.7,26.5,23.3,91,88.9,46.9,34.5,93.9,129.3
AT004301,165,51,13.1,17.7,24.3,31.4,24.1,35.7,39.2,25.7,35.5,24.7,24,87.7,76.5,44,33.3,95.7,129.8
AT004401,166.1,56.3,18,18.5,25.8,32,25.7,37.6,38.9,22.7,36.5,26.3,24.2,88.7,82.5,45.3,34,101.5,134.3
AT004501,165.5,61.9,20.8,19.5,23.9,29.8,24.8,33.4,42.8,23.9,35.6,29.8,25.5,89.1,89.4,50.3,35.8,96.8,132.7
AT004601,160.2,51.9,21.2,17,22.8,29.5,22,36.5,39.1,27,31.5,25.8,22.3,80,82,52.5,34.5,94.3,125.6
AT004701,143.8,56.2,34,15.9,20.6,25.8,20.9,30.9,31.1,23,36.1,31.8,24.5,93,89.2,53.8,37.6,90.9,116.8
AT004801,155.3,50.2,17.1,16.7,23.8,29.2,23.2,35.9,36,21.5,35,26.1,23,85.2,82.6,42.7,34,97.1,128.1
AT004901,155.1,38.3,8.1,17.8,22.9,28.5,22.3,33.8,39.4,22.9,32.5,21.5,20.5,74.5,72.4,40,28.2,93.3,125.9
AT005001,154.6,51.5,28.8,16.8,21.9,29,23.1,34.1,36.7,23.9,32.1,26.8,22.6,81.9,94.6,52.1,32.6,91.2,122.9
AT005101,151.2,47.5,24.7,15.1,21.7,28.5,22.3,33.4,38.3,22.3,31,25.3,21.3,84.7,86.8,47.3,32.7,86.5,117.9
AT005201,165,62.1,22.2,19.6,22.9,30.2,24.3,35.7,43,26.4,40,30,25.8,94.8,93.7,47.2,31.3,98.7,132
AT005301,162,71.7,21.9,18.2,23.3,31.3,25.9,38.7,39.3,23.4,39.4,27.7,27.3,99.2,96.4,51.5,35.7,97.9,131.9
AT005401,161.3,50.8,15.4,18.6,23.1,30.4,22.3,36,41.2,23.8,34,26.6,23.2,85.8,80.7,46.3,32.3,96,129.6
AT005501,159,61.2,19.7,16.7,23.3,30,23.5,32.9,34.9,23.8,37,28.5,24.7,90.6,86.7,52,35.9,95.8,126.1
AT005601,150.9,51.3,30.8,16,22.1,26.7,21.8,32.7,37.8,21,33,28.5,22.1,85.5,85.4,49.5,31,92.8,123.7
AT005701,146.8,60.2,42.6,17.2,20.6,26,21.2,32.9,34.5,24.8,32.5,32,24.8,98,94,51.8,35.2,91.9,117.1
AT005801,160.1,62.8,22.4,19.5,23.7,29.9,23.3,36.5,42.6,23.6,35.3,29.8,24.4,96.1,91.2,50.3,33.9,96.6,130.3
AT005901,162.4,62.7,27,19.6,22.3,29.3,23,34,41,26.3,37,31.8,26.2,91.8,93.4,52.1,33.4,97.3,127.5
AT006001,163.7,61.6,23.1,18.1,25.3,33.3,23.1,36.3,37.4,25.3,38.5,24.5,25.6,92.6,90.8,48.8,33.1,96.1,134.4
AT006101,145.2,57.7,35.9,16.6,21.2,29.1,21.6,31.5,31.9,24.1,33.2,28,23,89.2,97.2,57,33.9,84.4,116.8
AT006201,155.8,48,27.5,17.3,22.3,32,22.5,36.3,38.8,21.5,30.3,25.9,21.5,81.8,88.9,52.3,31.5,92.8,126.9
AT006301,163.2,64.5,14.6,16.6,23.8,29.5,23.9,36.2,36.6,24.5,35.8,27.9,25.9,92.5,86.6,53.3,38.6,98.6,129.1
AT006401,161.3,55,20.7,17,23,29.8,23.8,36.2,36.7,23.4,33.8,25.9,24.2,89.5,86.8,46.8,33.1,97.7,130
AT006501,154.9,55.1,30.5,15.4,23.2,29.7,21.5,35,36,21.8,32.5,26.6,21.4,88.2,86,47.1,34,92.8,124.6
AT006601,156.4,54.4,29.4,16.7,22.8,30.1,22.5,35.1,40.5,24.6,33.9,28.6,22.6,85.5,90.4,50.9,33.9,93.2,124
AT006701,145.3,56.6,34.4,16.4,19.7,27.9,21.5,33.1,34.3,22.2,34.3,29.5,23.1,94.5,97.9,52.5,33.5,88.1,115.7
AT006801,145.2,47.4,27.6,14.9,20.8,28.1,20.5,31.8,33.6,23.8,29.7,27.7,21.8,84.1,89,52.9,34.9,84.6,114.7
AT006901,156.9,55.2,22.3,18.8,21.6,29,23.8,35.6,40.4,24.3,36.5,25.8,22.2,90.7,86.9,47.2,32.6,95.4,123.7
AT007001,143.6,50.8,28.3,16.1,20.5,27.7,21.6,33.3,36,21.4,33.3,27.5,22.6,88.4,89.4,53.3,35.6,88.7,116.9
AT007101,149.9,46.2,27,17.1,22,27.8,21.7,33.7,35.2,22.5,32.2,24.9,21.5,83.8,89.3,48.6,31.8,89.9,119.6
AT007201,144.5,46.8,27.2,16.2,20,27,21.4,31,36.6,20,31.4,27,22.3,83.9,86.8,48,31.8,89.1,115.8
AT007301,164.2,61.5,21.1,19.3,23,30.7,24.6,36.9,41.9,24.1,38.6,28.9,26.5,92.4,86.3,48.5,34.1,98.1,131.3
AT007401,164,61.5,20.4,17.8,23.7,30.9,23.5,36,39,24,36.5,28.7,25.2,87.8,86.6,51,33.1,101.6,133.5
AT007501,164.9,51.4,12.5,19.1,25,32.9,25.5,36.1,38.8,24.5,33.3,23.7,22.9,90.7,81.6,45,32.1,97.9,133.8
AT007601,143.4,40.8,23.4,15.3,21.1,30.1,20.3,33.7,39.8,20.9,29.7,24.3,18.8,73.5,70.3,47.8,29,82.5,115.1
AT007701,164.3,52.6,13.6,17.7,24.8,31.4,24.7,37,38.3,25.1,35.6,26.7,23.9,86.8,77.3,45.2,32.4,,
AT007801,155.5,50.8,19.6,18.7,22.9,28.3,22.7,34.4,41.4,22.6,34.9,26.5,23.5,87,88.7,49,32.4,,
AT007901,159.4,53.3,18,17.8,22.7,32.2,23.2,36.4,36.5,23.7,33.6,24.8,23.8,89.8,83.9,48.2,35,,
AT008001,164.8,77.7,27.8,17.4,24.1,32.4,24.5,35.6,35.8,22.3,41.7,28.9,27.5,103,97.7,57.5,39.3,,
AT008101,154.4,46.6,16.9,16.5,22.5,31.5,22.7,33,36.4,22.4,32,24.5,21.4,83.6,81,42.3,30.7,,
AT008201,156.6,40.9,9.1,19.2,22.6,28.5,23.3,34,40.7,24.4,31.3,21.6,21.1,82.6,76.5,40.9,29.8,93.8,125.5
AT008301,158.8,54.3,15.6,19.4,22.5,30.3,24.5,34.7,43,24.3,35,26.8,24.7,86.5,85,48,34.6,,
AT008401,156.8,62.5,36.2,17,24.3,29.5,22.5,35.2,38.8,24.4,32.7,29.7,23.6,92.3,101.3,57.2,34.6,,
AT008501,159.6,53,15.3,18.9,24,30.2,24.3,37,40.8,23.1,35.6,24.6,23.5,91.6,84,45.7,32,,
AT008601,150,48.2,27.5,16.4,20.4,30,21.3,35.5,37.9,22.9,36.9,24.5,22.5,82.5,84.8,46.9,31.2,,
AT008701,157.3,61.7,23.9,17.3,20.3,30,22.9,34.7,42.4,22.8,38.8,28.3,25.6,88.8,86.5,52.3,36,,
AT008801,159.4,66.5,22.2,18.4,23,28.8,23.9,36.2,39.5,23.5,38,29.3,25.7,97.1,101.4,51.3,38.6,,
AT008901,153.3,71.3,27.4,18.2,21.7,27.9,23.3,33.7,36.1,22.5,37.8,28.4,25.3,102.4,103.5,49.5,37.3,,
AT009001,160.6,55.1,17.8,17.8,23.1,30.6,24,34.4,37.2,22.1,35.6,28.1,24.8,92,82.8,45.7,32.7,,
AT009101,147.7,47.3,29.9,16.3,20,30.2,22.3,31.5,39.2,23.1,33.2,27.3,21.9,83.7,87.4,48.7,30.3,,
AT009201,168.4,65.4,21.6,19.7,24.3,31.7,24.4,36,41.1,23.1,38.8,27.6,23.7,95.4,94.2,49.7,35,,
AT009301,154,45.2,5.5,16.3,23.2,29.6,23.3,30.8,36.9,26.7,33.5,22.8,23,80.4,74,44.1,34.9,,
AT009401,141.4,46.3,28.6,17.3,20.5,30.1,22.1,30.9,36.8,19.3,32.7,24.5,21.3,80.7,88.6,47.9,30.2,,
AT009501,159.8,49.6,13.1,17.7,22.9,31.4,23.3,35.6,36.2,24,35.4,23.7,22.8,84,84.7,44.2,31.9,,
AT009601,162.9,62.6,20.5,17.5,22,31.2,24.3,34.6,43.7,25,37.1,30.7,26.6,97.9,90.2,48.8,36.2,,
AT009701,162.3,54.4,20.6,18.5,23.9,31.6,23.5,35.4,41.5,23.2,36.2,26.9,24,89.8,84,44.8,30.8,,
AT009801,166.1,51.8,15.1,19,24.2,31.7,23.9,36.9,42.9,24.1,32.7,25.6,24.6,83.8,87.6,46.6,32.9,,
AT009901,152.9,45.7,23.3,17.3,21.4,26.9,21.1,34.8,35,26.1,30.6,25.8,22.4,85.6,87.7,46.1,29.7,88.7,120.1
AT010001,157.7,58.9,22.3,17.4,21.1,29.7,22.6,34.3,39.4,24,36.8,28.5,24.5,92.5,91.4,49.3,34.3,,
AT010101,163.1,56.3,21,16.9,23.3,32.2,23.1,36,42.1,24,35.1,26.7,23,86.2,78.2,48.4,33.2,,
AT010201,157.8,49.5,13.9,18.4,23.3,29.3,23,35.5,36.6,25.1,34.2,24,23.5,87.2,81.4,43.6,32.9,,
AT010401,158.3,54.9,23.7,17.6,24.3,30,23.3,33.6,35.2,23,34.9,27.5,22.7,81.3,86.7,49.9,32.3,,
AT010501,167.9,77.5,25,19.2,24.9,32.9,25.9,36.8,41.2,24.6,38.7,30.6,26,99.5,102.6,53.8,38.1,,
AT010601,153.4,49.6,18.7,18,22.2,29.5,23,33.7,38.6,23.3,34.7,25.2,22.9,91.4,82.3,46.7,31.6,,
AT010701,140.7,46,28.2,16.5,19.7,28.1,21,31.8,32.4,20.5,32.8,24.2,19.6,85.9,87.5,46.8,31.6,,
AT010801,159.1,47.2,16.6,16.6,21.6,31.4,23.2,32.3,37.6,23.2,36.6,23.3,21.2,79.7,77.4,43.8,29.2,,
AT010901,153.2,61.5,25.6,18.2,23.2,29.6,23.3,36.3,39.9,24.3,35.7,28,25.8,98.5,88.5,52.5,35.1,,
AT011101,170.8,73,21,19.5,24,32.7,23.7,38.1,41.8,24.8,38,28.2,26.7,98.8,90,55.6,38.7,101.6,137.7
AT011201,168.6,47.5,8,18.5,25.2,31.6,24.6,39.4,39.9,26,33.3,22.4,23.1,85.6,81.1,41.1,32.5,101.9,134.9
AT011301,163.2,60,18,17.9,21.8,28.2,23,36.5,37.8,25.8,38.1,26.1,24.7,94.3,87.6,50.1,35,101.9,131.4
AT011401,161.6,61.5,26,16.9,23.7,31.1,23.1,36.4,44.6,24.5,34.3,29.1,23.7,93.1,82.4,56.2,37.1,96.3,130
AT012101,158.6,55.5,18,18.6,23.1,29.7,24.4,35.6,39.5,21.5,35.8,26,23.6,87.4,84,48.4,36.2,96.6,126.8
AT012201,147.1,49.7,25,17.2,18.5,27.2,21.6,32.6,35,23,33.1,28,22.5,88.6,88.5,49.6,33.4,85.5,116.6
AT012301,165.7,57.2,14,20,24.2,31.9,25.2,37.2,43.6,25.5,36,26,23.5,89.5,84,47.6,33.8,99.6,133.6
AT012401,159,45.1,,17.9,23.8,29.7,22.5,37.5,39.2,23,31,20.6,20.6,76.9,79.7,42.1,32.9,97.1,129.3
AT012501,139.2,40.2,25,16.1,19,26.4,20.3,30.2,35.6,21.8,30,24.2,19.5,83.8,86.1,45.2,29,84.6,111.3
AT012601,160.2,54,19,19.2,24,31.5,25.3,37,43.5,26,38.3,25.7,23.4,89.5,82.2,46.1,31.2,95.6,129.8
AT012701,162.6,59.5,27,18.1,22.9,29.4,23,36.7,41.5,25.2,31.6,27.4,22.9,92,95,51.3,34,98.6,129.8
AT012801,162.5,66.9,23,18.7,23.7,29.7,23,36,38.4,24.8,37.9,25.6,23.5,94.5,101.7,50.1,34.5,102.6,133.5
AT012901,148.1,65.5,46.3,17,21.6,26.8,21.5,33.3,34.6,22.5,35.6,31.3,25.6,97.5,108.6,55.3,35,89.5,119.2
AT013001,170.7,69.1,21,19.7,23.7,32.8,24.6,38.8,43.6,24.9,37.8,29.4,26.9,95.2,86,53.3,36.3,102,138.5
AT013101,148.6,40.9,18,17,19.7,27.9,21.7,33.1,36.9,23.8,31.5,21.7,21,79.3,80.4,45.9,30.8,89,117.6
AT013201,146.9,41.8,20,17.5,20.3,28,21.2,31.9,37.8,21.6,33,23.3,20.6,78.8,86.6,45.4,29.6,86.3,117.6
AT013301,147.9,39.3,14,17.5,22.5,29.6,22.1,33.8,39.1,23.6,31.8,20.8,19.9,80.4,83.5,42.6,29.1,86,118.6
AT013401,159.4,42,9,18,23.2,29.9,24,35,42.4,22.3,31.2,21.6,22.4,79,70.6,41.2,30.7,92.9,126
AT013501,142.4,40.4,24,17.2,20,27.6,20.9,33.7,35.4,22.5,29.2,24.8,19.5,78.1,92.7,45.5,28.9,80.6,110.6
AT013601,145.5,56.3,35,16.6,21,27,20.8,33.5,35,21.5,33.4,27.7,23.6,97.9,99.7,50.7,36,88.5,117.1
AT013701,152.1,55,31,18.7,22.5,27.4,22,34.7,37.4,22.2,31.7,28,23.7,90.1,95,49.8,36.1,94,124.5
AT013801,151.8,44.6,17,17.7,21.7,30.1,21,34,39.5,23.2,33.6,24.6,22.4,86.7,77.2,44.2,31.8,92,119.8
AT013901,145.8,49.9,28,17.5,20.6,27.5,22.2,34.5,36.7,22.1,32.4,28.3,21.8,90.6,91.7,50.2,31.6,87.9,118.4
AT014001,148.9,39.3,9,17.5,21.6,26.5,21,32,40.4,22.9,32.9,22.7,22.1,79.4,71.5,42.5,29.8,91.7,121.7
AT014101,150.2,52.3,32,17.3,20.5,26,21.8,33.9,38.7,23.6,30.6,26.9,22.2,87,96.3,54,33.1,92.2,120.2
AT014201,153.3,59.7,25,18.3,21.2,29.1,22.9,37.2,38.2,22.7,34.2,27.1,23.7,90.8,94.9,51.9,37.2,91.4,123.5
AT014301,148.9,53.3,33,16,20.5,28.6,20.3,33.5,40.5,23.5,32.5,27.1,23.9,88.2,91.7,51.6,33.3,89.1,119.4
AT014401,148.3,63.6,39.7,17.5,21.2,28.9,22.6,35.3,38.1,20.4,37,32.2,27.3,97.6,102.9,54.5,35.6,89,120.5
AT014501,168.4,57.2,16,17.1,23.6,30.6,22.8,36.8,43,24.7,35.8,26.2,24.7,90.8,82,46.9,32.7,98.9,133.6
AT014601,165.3,68.6,26,18.5,24.5,29.2,23.4,37.1,43.5,24.2,38.1,30.2,26.6,96.8,90.2,54.8,36.8,99.9,132.6
AT014701,147.8,51.4,28,17.7,21.9,28.4,22.6,35.4,41.4,20,32.7,25.5,22.5,90.4,95.2,49.4,33.1,88.2,119.4
AT014801,144.8,55.1,34,17.3,20.7,27.1,21.6,34.5,37.7,21.5,33,28.7,23.2,90.2,98.6,55.9,34.4,83.8,114.6
AT014901,145.9,50.2,29,17,22.1,28.2,21,33.6,39.9,23.3,33.5,25.2,22,90.9,93.6,46.5,32,84.5,115.5
AT015001,165.5,66.2,25,19.3,23.6,31.8,23,35.8,44.1,23.2,37.3,28.2,27.8,95,88.8,50.5,34,100.5,135.4
AT015101,154.2,64.3,33,17.2,22.9,28.6,24.5,36.2,36.1,23.4,33.2,29.4,24.9,95.3,102.9,53.2,36.9,92.2,123.6
AT015201,160.6,56.1,15,17.4,23.5,28.5,23.6,36.1,45.9,24.1,36.5,26,24.4,89,86.4,45.6,32.5,97.7,130.9
AT015301,160,54.6,19,18.8,21.7,31.3,23.2,36.6,43.2,24.9,35.7,25.3,22.9,87.9,87.9,42.8,33.7,93.6,128.2
AT015401,169.4,61.7,17,18,23.7,30.6,23.8,39.5,43.1,24.2,37,25.9,23.4,88.3,85.4,48.6,32.9,103.6,137.2
AT015501,156.3,62.9,35,18.7,22.9,30.7,24.2,36.6,42,21.7,37.6,26.3,25.1,97.1,94.8,53.3,35,93.2,126.8
AT015601,160.8,67,24,18.5,22,29,23.7,35.4,40.7,24.8,38.7,29.8,27.3,98.4,99.3,53.6,36.9,96.5,129.7
AT015701,168,61.9,14,18.8,23.3,31.9,24.8,38.8,41.5,25.7,36.5,27.9,24.6,89.8,85.5,50.8,37.2,100.9,134.7
AT015801,154.1,52.4,29,17.4,20.8,29.7,22.3,34.6,40.6,22.6,34.1,23.8,21.6,94.8,94,48.4,29.9,91.7,124.7
AT016101,147.5,56.3,29,17.3,20.2,26.6,21,32.7,37.2,24.3,33.1,28,24.6,89.3,93.7,54.5,37.9,88.8,118.9
AT016201,151.6,42.2,23,17.6,21.1,29.2,22.3,34.7,41,24.3,30.2,22,20.9,78,77.4,46.9,30.7,89.1,119.9
AT016301,157.2,56.2,32,17.9,22.9,30.3,22.8,36.9,43.8,24.3,30.6,26.3,22.3,88.1,91.9,54.6,35.7,94.4,127.3
AT016401,149.1,40.2,16,16.6,19.3,25.5,21.2,32.3,36.3,25.5,28.3,22.3,21,76.6,74.6,46.3,33.4,90,117.7
AT016501,157.9,41.9,18,17.8,22.9,29.1,22.4,35.8,38.3,26.3,29,22.1,20.7,78.6,78.5,46,31.6,92.9,125.1
AT016601,154.4,50.4,25,17.2,21.9,29.5,21.8,36.1,40.7,24.3,30.6,24.6,23.1,86.7,87,50.9,33.4,92.2,124.1
AT016701,156.5,49.8,26,17.6,23.1,26.6,23,36.1,39,24.5,31.7,24,22,82.7,88.7,52.5,31.2,94.8,124.1
AT016801,150.7,35.8,14,16,20.1,25.2,21.2,33.6,36.2,24.7,28.5,20.9,19.1,74.5,71.5,44.6,30.2,89.3,117.5
AT016901,163.3,48.4,19,17.3,21.2,28.6,22.6,35.5,42,25.1,30.1,22.1,20.6,80.5,81.6,51.1,32.6,99.4,130.9
AT017001,157.9,51.8,28,19,23,29.9,23.3,36.8,41,23.5,31.5,25.3,23,86,83,52.8,33.4,92.9,125.6
AT017101,168.4,58.9,21,19,23,31.6,24.9,36.4,44.4,26.3,35.1,27.6,25.7,91.2,77.7,53.7,34,101,135.6
AT017201,155.6,41.3,18,17.5,22.3,28.7,23.3,34.9,42.4,23.7,28.3,21,20.8,78,77,47.3,31.8,94.7,126.4
AT017301,154.2,52,28,17.9,21.6,29.2,23.3,34.5,41.7,24.9,31.5,27.1,23,87.3,87.5,52.3,36.4,91.2,122.8
AT017401,165.7,56.2,17,19.7,24.2,29.6,24.2,38.4,42.8,26.4,34.8,24.6,24.5,83.1,81,51,36,97.9,131.4
AT017501,161.7,50.2,22,17.1,22.2,28.1,22.3,36.3,39.8,24.3,29.8,23.3,22,89.9,80.9,52.4,34.3,97.5,128
AT017601,166.9,61.6,24,17.8,23.1,30,23.4,38.2,42.9,24.3,33.6,29.7,24.5,90,81,54,35.3,102.3,135
AT017701,156.2,72.2,39,17.4,22.2,29.2,22.3,36.6,39.8,22.3,34.1,28.9,22.8,101.1,108.1,52.4,37.4,95.3,127.8
AT017801,174.4,93.8,27,19.4,26.6,33,25,41.5,46.2,22.7,43,32.8,30.4,107.2,101,62.8,44.5,107.6,144
AT017901,170.6,65.3,23,18.4,25.1,31.5,23.8,39.4,42.6,24,36.6,26.4,24.8,92.2,87.4,51.8,34.7,104.3,140.1
AT018001,150.2,38.9,18,16.6,20.3,27.5,21.3,33.4,40.8,24.2,28.9,21.2,20,74.8,75.7,45.3,30.5,90.1,120.5
AT018101,157.3,44.3,21,17.4,21.6,29.3,22.5,35.7,43.1,23.8,30.5,23.8,21.1,79.1,82.1,48,30.7,92.4,124.9
AT018201,180.7,59.4,12,18.5,25.7,32,25.4,40.6,45,25.4,35.5,26.1,25.2,87.5,71.4,51.1,35.2,109.4,145
AT018301,177.6,67.6,19,20.4,24.6,32.7,26.5,40.5,46.6,26,35.8,28.3,25.7,94,87.2,51.7,35.4,106.9,143.3
AT018401,153.8,48,25,17.5,22.2,31.1,22.8,36.4,39.2,24.8,29.9,22.7,21.9,84,85,51.7,34,92,124.8
AT018501,165.8,60.8,25,18.3,22.6,29.5,23.4,37,41.9,24.7,33.1,26.2,23.2,88.4,91.3,54.6,36.5,98.8,131.9
AT018601,176.6,63.4,18,18.8,26.3,32.3,24.6,39.8,46.4,27.6,35,26.4,25.6,92,82.7,53.3,36.3,105.4,141.2
AT018701,166.4,52.4,14,18.5,23.8,29.6,24.2,38.2,40.8,23.9,33.7,24.5,24,81.6,76.8,47,34.9,101.2,133.8
AT018801,147,62.2,39,17.2,21.1,28.2,21.8,34,35,21.8,35.5,27.7,24.3,96.6,102,56.4,36.5,89.4,120.6
AT018901,158.5,48.9,23,18,22.4,28.8,22.1,35.6,39,25.8,30.6,23,21.1,82.6,84.5,49.9,32.7,94.8,126.2
AT019001,173.1,91.5,31,19.8,25.3,32.4,24.6,40.7,44.4,24,40.6,31.7,29.5,113.5,101.2,60.1,41.2,105.5,139.9
AT019101,153.9,45.9,16,17.6,22.6,29.6,22.4,35,41.5,24,34.2,24.6,24.1,83.7,71,45.3,31.3,90.9,124.7
AT019201,181.1,132.1,42,19.7,26.1,32.9,26.9,40.5,43.5,26.6,49.1,41,34.7,129.2,122.2,70.2,49.4,112.3,148
AT019301,165.2,52.1,13,18,23.4,27.9,24.9,37.9,42,25.4,34.5,25.7,23.6,83.5,76.6,48.2,34,99.5,130.4
AT019401,156.4,41.6,22,16.1,21.7,28.4,22.3,35.5,40.3,25,28.6,20.9,20.4,76.3,79.4,46.8,29.1,93.6,124.2
AT019501,151.2,48.8,28,16.9,21,28.1,21.4,33.8,39.3,22.4,32,24.5,22.3,87,87.3,49.1,33.5,88.3,119.2
AT019601,156.7,42.9,20,18.1,22.3,30.2,22.3,35.7,42.4,24.7,29.4,20.6,20.1,83.3,72.1,47,30.4,92.5,125.8
AT019701,160.2,51.8,23,19.2,21.5,29.5,24.7,36.7,40,25.2,33.4,24,22.5,86,80,52.2,34.8,97.3,130
AT019801,157.7,46,22,16.6,21.2,27.5,21.3,35.8,41.1,24.1,30.1,22.7,22.4,79.8,73,51.1,34.1,96.5,126.9
AT019901,166.9,69.8,38,18.6,23.6,30.7,24.4,39.8,41.8,24.4,34.6,30.1,26.1,98.8,93,58.3,37.3,100.9,134.4
AT020001,171.2,68.1,26,19.2,24.7,31.8,25,40.7,43,25.2,37.3,27.1,26.5,95.5,85.2,54.4,37.4,100.7,136.8
AT020101,160.2,72.5,27,17.7,23,28.4,22.4,38.4,39.3,23.2,38.4,30.4,29.2,100.8,96.5,57.3,44.7,97.7,129.1
AT020201,162.9,59.3,25,19.1,23.6,30.2,24.3,37.6,42.9,24.2,36,27.5,25.4,93.1,83.8,51.8,36.1,97.1,131
AT020301,180.4,65,17,20.7,26.8,32.9,26.3,42.5,49.4,27.1,34.6,28,27.5,89.3,81.8,53.3,35,109.7,146.7
AT020401,155.6,55.4,33,17.5,23.3,28,21.6,36.4,39.7,23.5,32.2,25.5,23.1,88.6,88.3,53.2,35.4,93.9,124.6
AT020501,159,41.9,14,18.5,22.3,28.5,22.9,37.2,41.1,25.5,28.7,20.9,21,74.6,66.1,46,31,96.9,128.5
AT020601,172.4,80.4,26,18.6,25.2,33.3,24.8,39.8,45.3,23.9,38.7,31.3,26.1,102.4,101.3,62.5,40.3,103.2,140.1
AT020701,179.8,79.7,22,18.8,25.7,32.9,25.5,41.8,46,25.6,38.8,29.1,28,94,93.9,59.2,38.4,110.1,147
AT020801,177.3,59.6,14,19.3,25.5,31.9,25.2,40.8,45.3,28,34.8,24,24.1,88,75,49.2,34.6,103.8,139.1
AT020901,178,58.6,11,19.5,24.5,32.7,24,41.3,43.7,26.1,34.7,24,25.2,88.7,76,47.6,34.1,107.5,143.7
AT021001,163.6,61.2,23,18.8,24.1,30.4,24.5,37.4,41.5,25.9,37.3,30,26.5,91,83,52.2,35.8,97.3,132
AT021101,172.1,77.4,31,19.6,26,32.5,25.7,43.2,43.4,24,39.4,30.9,28.3,102,99,55.2,38.9,103.8,141
AT021201,154.3,48.7,25,17.2,23,27.6,22,36.7,40.8,24,30.8,24.2,22.7,82.4,77.3,54,34.6,92,122.8
AT021301,155.3,51,26,17.4,21.7,27.3,22.1,35.2,40,24.5,30.4,24.5,23.3,83.5,77.4,55.3,34.6,93.2,122.4
AT021401,159.3,56.9,20,18,23.7,29.2,22.8,37.6,41,23.6,35.6,26.4,25.6,91.2,83.9,49.3,36.7,95.2,128.5
AT021501,168.1,63.7,25,20.1,25,31,24.2,42,42.5,24,36.5,26.6,26.7,91.3,83,54.3,36.5,100.4,133.9
AT021601,160.7,57.5,26,17.6,21.9,29.1,22.7,36.2,41.7,25,31.2,28.2,23.8,88.3,86,51.7,37.3,97.8,129.9
AT021701,171.7,55.7,16,18.1,22.7,30.7,24.2,38.3,41.6,25.5,33.6,22.8,22.9,86.4,78.3,48.8,33.4,105.5,140.4
AT021801,173.1,59.6,16,18.8,25.4,31.8,25.2,41.6,46.6,25.7,34.6,25.7,25,91.8,80.8,48.8,36.5,103.5,139.5
AT021901,150.7,43.6,22,15.9,20.2,26.3,21,34.5,40,23.8,29.7,21.8,21.2,84.2,76.8,45.8,32.9,91.9,121.1
AT022001,161.6,63.4,33,17.3,22.5,30.2,23,37.6,43.9,23,33.5,28.9,23.8,102.1,93.8,53.1,34.4,97.4,130.2
AT022101,165.3,54.8,15,18.4,23.6,31.1,25,38.5,44,25.1,36,24,25.4,89.3,73.9,46.1,34.2,99.3,134.1
AT022201,153.8,55.4,23,17.5,21.9,27.4,22.8,35,38.1,23.4,36.6,26.5,24.8,88,87.8,49.2,35,91.6,123.8
AT022301,170.8,64.2,20,19.5,24,31.7,25.8,41,43.9,26.1,36.5,27.8,26.1,93,83.2,55.4,37.9,101.3,136
AT022401,180.2,68.7,24,20.6,28.4,33,26.3,45,46.9,23.9,37.6,26.5,25.8,93,87.4,52.5,34.6,112.3,149.8
AT022501,148,39.3,17,18.3,20.2,25.2,22.7,34.1,36,24.3,29.5,22.7,21.5,75.3,69.1,47.4,30.9,87.7,116.5
AT022601,169.4,56.9,17,19.5,25,31.2,24.8,39,44.9,25.5,34.5,26.7,24.6,87.9,75.2,49,33.7,99.3,135
AT022701,158.8,44.3,23,18.5,23.4,30,23.3,38.1,42.4,23.3,31.5,22.2,20.6,81.5,79.1,45.4,29.5,96.6,130.2
AT022801,178.8,57.8,14,19.4,25.1,32.4,26.2,41.2,49.3,27.9,35.6,25.2,24,93.6,78.7,48.3,34.5,108.4,143.8
AT022901,155.9,50.3,27.1,17.1,22.6,27.9,21.7,36.1,41.9,24.2,30.4,25.8,21.2,84.5,78.2,52.2,32.7,93.5,125.5
AT023001,165.9,60.1,16.6,18.7,24.6,29.5,24.9,36.5,40.4,25.5,36.3,27.4,25.8,90.3,80.3,53.3,36.6,98.3,132.8
AT023101,171.5,79.9,26.4,18.3,23.9,29.1,25.5,39.1,42.3,25.7,41.9,32,29,99.4,91.5,60.6,41.2,105,137
AT023201,161.7,34.4,8.2,18.2,22.4,28.8,22.9,36.3,42.8,26,27,17.3,18.8,75,67.2,41,29.1,95.3,127.7
AT023301,161.5,53.9,27.6,18.1,22.6,29.7,22.7,37.5,43,25.3,32,25.8,22.4,87.8,86,54,33.3,95.9,128.8
AT023401,159.2,59.6,19,17.8,22.1,27.9,23.2,33,39.5,26.4,35.9,29.5,25.8,95.4,87.7,49.6,37,94,125.1
AT023501,175.8,94.9,34.3,19.3,25.8,31.7,25.5,40.4,45.4,24.3,41.6,35.3,29.8,115.1,108.9,60.6,43.8,109.4,144
AT023601,172.9,82,28.1,18.9,24.3,30.9,25.2,40.8,43.5,25.6,41,31.9,28.9,107.2,97,61.5,37.8,106.8,139.7
AT023701,149.1,46.5,28.4,16.9,20.5,24.5,21,32.6,40,24.3,30.5,24.7,22,82.8,73.5,53,33.4,89.4,116.5
AT023801,148.8,36.6,10.6,16.7,21.9,26.8,21.3,34.3,38.8,23,30.6,20.3,20,80.7,71.5,41,27.9,88.9,118.5
AT023901,156.2,53.5,30.3,17.3,21.8,27.1,21.5,34.8,39,24.3,33,26.8,23.1,90.4,85,54.2,31.5,94,124.8
HO000101,154.1,56.4,23.4,17.8,21.6,28,23.4,33,40.6,22,36.1,29,26,86.8,91.8,48.4,35,95,126.5
HO000201,152.9,44.7,21.2,17,22.8,29,23,35.5,35.5,22.5,31,26,21.5,82,89.8,47,30.6,92.5,123.3
HO000301,147.1,55.6,33,17.8,21.3,25,22.9,30,41,24.5,34.8,28.8,24.6,92,95.6,50,34.6,88,117
HO000401,167.5,68.6,27.6,19,26,29.6,25,39.5,43.5,23.5,37,28.8,24.6,99.2,98,50.8,34.4,102.5,138
HO000501,166.3,75,,18.4,23,29,24.3,36.5,38,24,42,33,28,101,96,52.2,37,102,134.5
HO000601,153.7,55.6,30.6,17,22,30,24,36,36.5,23.5,32.8,28,23,89.5,90,47.5,34.5,95,127
HO000701,145.4,47.4,31.9,15.5,20.5,26.5,20,31.5,35.8,23,31.2,23.8,22.2,86,92,48,30.6,86.5,116
HO000801,163.5,61.8,21.1,18,23.5,28,24.7,34,38.7,24,37,27.5,24.4,95,88,47.6,34,98.5,132
HO000901,159.2,65,25,17,23,29.5,25.2,35,37.5,25.5,38.5,31,26,100,91.5,51,36.2,96,126
HO001001,148.6,49.3,28.9,16,20,26.5,22.5,34.5,34.8,24,32.4,25.5,22.5,84,95,49.5,31.5,90,118.5
HO001101,151.2,59.1,35.6,17,21,27.5,22,35,43,23,35,29,22.8,91,97.6,54,34.8,92,123
HO001201,162.3,66.5,20.4,18.5,23,29,25,35,38,24.5,39.8,29,26.4,96,93,50,36.4,98,130.5
HO001301,147,43.4,24.9,16,21.5,28,20.9,32.5,40,24,30,25,20.6,83.8,79,46.8,32,91,119
HO001401,170.9,65.6,26.8,20,24,32.5,25,37.8,41.8,26,37.2,27,23,97.6,96.2,49.5,32.5,105,140.5
HO001501,147.6,43.3,21.4,15.5,21,28,21.2,34,36,20,31,23,19.4,80.6,89.6,43.6,29,90,117.5
HO001601,168.7,81.3,29.6,18.5,24.5,31,24.2,35,40.5,22,40,34,28.6,102.4,101,56.6,39.4,103,137
HO001701,159.8,62.7,26.6,18.5,21,29,23.4,34.7,37.3,23.4,38,30,25.2,94.5,86.8,53,35.1,98,130
HO001801,151.9,49.8,23.7,16.5,21.5,26.5,22,34.5,37.5,26.5,33,28,22.5,83.5,92,44,32,95.5,121.5
HO001901,149.1,42.6,21.1,16.8,20.4,26.7,23,31.4,36.5,23.8,32,24,20.5,82,86.5,42,32.5,87,117.5
HO002001,168.6,61.3,23.1,20.3,23.4,31,25,37.4,39.7,22.7,35.5,29.5,25.5,93,86,46,34.5,108,138
HO002101,158,49.8,15.6,17,22.3,28.2,23.9,33.3,38.6,22.2,34,23.1,22.8,85.4,79.8,45.4,31,101.8,130
HO002201,157,54.7,27.6,17.7,22,28.3,22.5,33,39.5,22.7,30.3,27.3,22,90,93,44.9,35.6,98,129
HO002301,167,59.7,17,18.9,22.9,29.5,25,,,24.6,38,26.8,24.2,94.5,85,46.8,35,105.3,134.8
HO002401,149.3,49.5,28.3,16.5,20.9,26.4,22.1,34.6,37.3,22.3,32.5,26.1,22.2,90,91.9,45.7,33,87.5,117.5
HO002501,150.1,49.7,27.9,16.2,20.6,28.4,22.5,34.6,37.1,23.1,32.8,27.7,22,86,88,45.9,32.3,88,118.5
HO002601,157,57.4,21.8,17.5,22.8,28.2,22.1,32.2,39.4,22,37,26.4,24.7,89,91.6,48,33.5,96.5,128.5
HO002701,165.9,56.5,17.5,18,24.6,30.4,23.8,,,22.4,35.6,26.2,24,88,89.8,47.5,31.3,102,135.5
HO002801,152.9,38.3,17.7,17.4,20,26.5,21.5,31.4,38.1,25.3,28.7,21.1,18.4,78,81,38,27,91.5,120.7
HO002901,148.8,64.6,36.6,15.8,20.6,28.3,23.2,34.5,35.9,22,36.7,30.5,24.3,97.5,107.6,53.8,36.5,88.5,119
HO003001,159,54.9,19.4,17.7,22.6,29.5,23,34.6,36.6,25,36.4,27.5,24.5,89.5,82.9,44.5,31,95,127.5
HO003101,170.6,62.6,20.5,19.5,24.3,29.6,26.6,36.1,41.7,25.3,34.8,26.2,23,92.9,84.5,49,35.2,103.5,137.5
HO003201,142.5,39.7,22.6,16.5,17.7,27.2,21.6,30,36.7,23.2,28.4,25,19.5,81.8,86,42.2,28.5,83,111.5
HO003301,154.1,59.3,30.8,18.5,21.1,30.2,23.3,32.6,35.2,22.2,35,31.2,23,94.7,92,53.5,36.2,89,122.5
HO003401,167.9,75.1,28.5,20.2,24.3,30.7,25.5,36.2,40.1,26.3,39,29,25,103.4,102,54.1,36.2,99.5,134
HO003501,144.5,62.4,43.8,16.7,21,26.4,22.5,32.2,41.6,23.5,36.5,27.5,26,96.5,107.3,51,35.3,88,119
HO003601,159.4,73.4,26.6,18.5,22.9,30.1,23.8,34.7,38.2,25.7,40.6,31.7,27.5,102.6,97.5,54.3,38.5,94,130
HO003701,147.5,48.2,25.9,17.2,20.2,27,21.5,30.9,32.3,25.5,32,26.5,21.3,88.6,89.8,45.8,32.5,87.5,118.5
HO003801,158,50.9,20.7,18.1,21.8,28.6,22.7,33.5,37.3,25.8,33.9,24.2,21.6,87.9,81.4,43,30.5,95,126
HO003901,147.6,53.2,31,18.6,21.5,30,23.7,33.4,35.3,24.4,32.1,27,23,98.7,93,46,34.5,89,120
HO004001,162.2,53.6,16.9,20.2,22,28.7,24.9,35.7,39.2,25.5,31.8,23.8,20.3,81.5,91,49.9,34,98.7,131.5
HO004101,161.2,73.2,26.7,19.9,24.3,28.9,24.5,35.8,38.3,24.4,38.8,29.7,25.5,102,101,50.5,35.5,100,132
HO004201,166,62.4,18.2,18.1,23.4,32.2,25.4,36.8,37.1,26.5,36.8,28.3,26.8,94.5,84.4,47,36.5,97,132.5
HO004301,152.1,43.7,21.2,16.2,,28.6,22,33,37.6,24.2,30,23.5,21.3,79,85,42,28,90.5,120
HO004401,158.6,55,22.1,19.2,22.6,29,24.5,34.6,38.7,24,35.6,28,23,89.2,84,47.4,32.7,96.5,129
HO004501,153.7,58.4,28.8,18,21,28.7,21.8,33.5,39.5,24,33.5,28.8,24,92.7,85.5,52.2,34.6,90,124.5
HO004601,161,53.7,14.9,18.8,23.5,28.7,24,35.9,40,25.8,36,27.5,24.3,85.3,80,48.9,32.5,99.5,129.5
HO004701,144.7,56.6,,17.4,22.4,28.3,22.8,33.9,39.3,23.6,33.5,29.1,23.9,95,95,49.4,35.2,84.5,117.5
HO004801,141.9,46.1,30.2,15.9,20,25.1,21.2,32.5,36.7,23.5,31.5,24.5,21.4,86.4,91.5,46.2,32.5,87,112
HO004901,158,63,26.7,17.3,22.3,29.6,22.7,35.6,39.8,24.6,37.3,28.8,24.6,94.8,91.5,50.3,35,96.5,129.5
HO005001,156,69.2,,18,21.7,29.3,22.2,37.5,40.5,22.7,35.6,34,24.3,100.2,107.1,47,35.1,96.5,129
HO005101,174.9,69.3,22.4,19.2,24,31.9,25.2,38.5,42.1,25.8,36.8,27.9,26,97.1,87.6,53,35.3,111.6,143.5
HO005201,147,48.3,29.4,16.2,18.8,25,20.9,32.5,36,25.6,30.5,27,23.1,84,87,51.5,36.5,86.5,115.5
HO005301,170.8,78.3,30.7,18.5,24,30.4,25,36.5,40,25.8,39.1,32.4,28,100.7,97,56.5,38.5,104.5,137.5
HO005401,165.4,53,12.7,18.6,22.6,27.8,24.5,35.7,41.3,26.5,35,26.3,24.2,82.8,77,46.3,34.3,105,133
HO005501,163.8,66,26.3,17,22.3,28.9,23,36.4,37.9,27.5,38.5,28.1,26.4,94,88,49.6,36.5,102.5,133.5
HO005601,164.7,71.1,25.6,19,22.4,30,24.5,37.1,37.9,24.6,37.8,30.6,27.8,98.2,85.5,53,39,101.5,135
HO005701,171.4,59.6,22.3,19.5,25.1,33.2,24.6,40.3,41.6,25.8,34,26.2,22.7,92,88.7,48.3,32.3,104.5,141
HO005801,163.9,62,24.8,17,22.1,26.5,23.7,35.3,38.1,25.9,37,27.5,24.8,92.1,82.4,48.1,36.1,98.5,130.5
HO005901,166.6,56.5,15.9,19.5,23.5,28,25,37.9,40.8,26.9,34,29,25.5,90.5,73.3,49.5,35.1,101,131.5
HO006001,179.1,71.9,18.2,20,24.7,31.8,26.5,39.5,40.4,27.2,37,30.9,27,94.8,81,56,37.2,110,145
HO006101,169.3,67.5,17.5,19.8,25,30,25.2,36.3,40.1,26.2,37.5,29.5,26.5,93,92.1,45.7,36,105,137.5
IK000101,163.8,66.5,18.8,17.7,23.2,27.2,24.4,35.8,38.5,24.4,43.5,28.8,25.2,93.1,94.2,50.5,37.4,97.2,129.6
IK000201,161.7,65,21.5,18.9,23.4,29.7,25,34.7,45.5,21.5,37.4,37.6,28.4,25.4,94.5,94.3,47.8,98,130
IK000301,160.4,50.5,9.8,17.3,24.2,29.8,24.2,33.6,37.6,23.8,35.9,24.2,25.5,90.2,84.7,43.7,31.7,96.7,132.4
IK000401,164,58.5,20.7,18.1,22.2,29.5,24.7,35.7,37.1,25.9,39.5,28.3,24.4,91.1,91.3,48.1,32.1,95.9,129.2
IK000501,162.7,55.4,19.9,18.5,22.8,29,24.5,34,41.8,24.4,36.5,27,25.5,90.9,93.3,46.4,32.7,99.5,131
IK000601,159,69.4,22.5,17.5,24.6,30.2,25,35.4,37.4,20.9,37.2,27.4,25.6,105.5,97.5,49,34.7,99.6,129.6
IK000701,170.4,64.3,16.6,19.5,23.2,31.3,26.5,37.6,41.5,25.3,37,26.8,25.4,92,93.7,50.4,36.5,103.3,137.9
IK000801,159.5,52.6,15.2,18,24.4,28.7,24.5,34.3,39.9,24.3,36.5,26.2,24.1,85.4,86.5,44.3,33.5,100.1,128.8
IK000901,162.9,56.6,22.2,20.6,22.6,29.2,26,34.7,38.8,23.7,35.8,26,24.2,90.8,93.7,44.5,31.9,103.4,131.2
IK001001,161.2,74.3,20.3,18.7,24.1,28.2,25.2,37.4,39.5,24.9,39.2,33.2,27.8,102.1,96.3,54.2,41.8,96.8,127.7
IK001101,157.8,52.5,17.3,18.8,22.3,29.7,24.5,34.8,38.7,23,35.6,24.4,24,91.1,91.5,42.8,34.7,98.2,126.4
IK001201,173.8,84.1,21.8,21.3,24.8,30.8,27,39.3,40.8,24.4,41.5,29.8,28.4,107.2,103,53,41.7,108.9,142.5
IK001301,164,59.6,21.8,18.9,22.9,29.8,25,37.2,45.1,22.2,35.5,26.9,25.2,92.3,95,49.8,32.3,101,132.4
IK001401,158.2,52.6,17,17.6,22,27.7,24.1,32.9,38.3,23.8,38,24.6,25,90.1,85.1,48,32.5,94.5,126.4
IK001501,152.9,44.3,13.7,17,21.1,27.9,22.5,34.7,40,23.4,34.3,26,23.8,83.2,85.2,44.4,32.2,91.2,122
IK001601,156.3,66.8,31.8,17.8,22.6,28.1,24.2,33.6,39.3,22.5,39.7,30,25.9,101.2,102.5,50.2,33.8,91.5,122.1
IK001701,171,59.7,14,18.2,25.3,30.7,24.9,37.4,40.6,25,36.7,25.5,24.4,89.4,90.6,46,31.5,101.8,136.3
IK001801,164.5,70.7,22.1,18,22.4,30.7,24.8,36.2,39.4,20.5,39.6,27.2,25.5,96.5,95.2,51.1,37.2,102.9,136.3
IK001901,168.2,49.6,10.7,18.7,24.2,30.6,24.5,37.2,41.2,23.3,34.2,23.3,22.3,84.4,87.6,40.2,29.5,103.7,138.2
IK002001,163.3,55.6,16.4,18.9,24,31.1,24,35.6,38.1,24.9,35.1,26.6,24.5,88.1,89.6,47.5,33.6,98.2,132.8
IK002101,163,61.7,21.2,18.7,23.5,29.1,24.5,34.4,38.4,25,37.4,29,25.5,96.3,94.7,51.5,34.5,100.2,130.5
IK002201,157.4,63,33.6,17.8,20.9,27.5,23.5,32.5,38.8,24.4,37.7,30.6,27.2,96.3,93.7,52.9,32.5,94.5,125.1
IK002301,166,64.5,19.2,19.1,24.6,31.2,24.5,35.9,39.2,24.8,37.7,29,26,91.7,95.2,52.8,36.8,97.4,132.7
IK002401,160.6,60.8,21.4,18.2,23.2,28.8,23,34.3,37.6,22.3,36.8,28.7,25.2,99.5,92.3,50.7,35.8,93.5,126.4
IK002501,160.9,49,12.1,18.7,21.2,29.3,23.5,36.3,36.5,23.7,33.9,25.5,24,85.5,79.6,48.5,34.6,96.5,127.4
IK002601,160.6,50,17.2,16,19.6,26.6,24.5,32.7,36.8,19.6,34.5,26.2,24,87.2,87.3,44.5,32.7,104.4,131
IK002701,155.7,58.7,24.3,19.9,23,28.4,25,35.9,37.2,21,35.6,27.4,24.2,94.1,96.2,50.5,33.8,96.6,128.5
IK002801,165.2,56,22,18.4,23.2,30.7,24.5,34.8,42,23.3,35.9,28,26.1,85,91.5,45.3,31.6,103.6,136.8
IK002901,169.7,61.5,23.2,18,23.9,30.8,24.2,37.7,43.1,23.5,36.5,29,24.4,93.7,95.4,50.5,31.9,106.8,141.1
IK003001,157.3,64,22.3,16.8,22.1,30.2,22.5,34.6,40.8,23,36.5,29,26.9,95.6,95.7,50.2,35.2,95.5,129.5
IK003101,157.7,73.3,39.4,18.6,22,27.1,24.5,35.7,37.4,23.7,35.8,31.2,26.4,100.2,110,57.7,38.7,95.6,124.5
IK003201,157.2,66.5,31.3,17.2,23.8,29.3,24,34.4,36.6,22.1,39,31.5,27.6,94,95.3,58.3,37.3,96.9,126.2
IK003301,169.4,63.2,17.9,18.7,21.7,31.1,24,37.1,44.3,25.6,37.8,28.5,27.1,88,91.6,55.4,37,102.8,135.9
IK003401,166.7,58.6,16.2,18.6,21.7,31.9,24.5,35.9,39.6,24.5,35.1,25,24.2,94.2,92,47.7,34.6,99.5,134
IK003501,152.2,51.4,27.6,17.5,20.6,26.5,22.5,34.1,40.9,24.2,34.2,28.9,23,87.4,90.2,52.2,32.5,93.7,121.9
IK003601,163.1,71.3,28.4,18,22.7,30.2,25,36.1,44,23.9,38.2,30.5,26.8,101.3,100,54,38.4,101,134.2
IK003701,141.3,40.5,25.1,15.4,22,25.2,20,32.2,33.3,22.1,31.2,23.5,20.3,78.9,90.8,44.8,29.8,85.9,115.4
IK003801,149.5,62.6,35.7,18.2,20.7,27.7,24,35.6,42.5,24.1,33,30.6,24.4,97,100.2,59.6,37.5,86.5,118.3
IK003901,168,76.2,27.4,19.2,22.9,28.3,25,36.8,40.2,23.1,39.5,30.5,28.7,96.1,95.6,55.5,37.7,103.5,136.9
IK004001,162.8,48.7,21.6,17.9,22,29.5,23.5,36.8,43.9,24.3,30.3,25,22.7,81,93,50.9,32.8,100.5,131.7
IK004101,149.9,54.5,25.3,18.2,19.5,27.4,23,34,34.3,22.9,36.3,28.5,23.8,90.5,90.4,47.9,33,91.7,121.2
IK004201,167.6,64,27.9,19.2,23.5,27.9,25,37.8,48.8,22.6,30.7,38,30.6,25.5,93.2,97.6,51,108.2,138.8
IK004301,151.7,49.1,28,16.4,20.7,26.8,21.5,32.5,38.6,23.6,32.7,24.7,22.3,90,85.5,48.9,33.4,91.4,119
IK004401,162.8,64.6,22.5,19.2,22.8,30.9,25,37.4,38.9,22,36.2,28.5,25.5,96.9,96.6,52.6,36.9,98,130.5
IK004501,163.5,67.3,28.8,18.6,22.5,29.5,25,36,37.8,23,40.8,29.5,26.3,93.3,95.4,51.5,34.7,98.3,133.2
IK004601,159.3,60.9,22.9,19,22.4,28.3,22.5,35,45.5,23.1,37.1,28.9,26,94.5,93.7,49.1,33.7,97.5,128
IK004701,154.7,45.4,23,17.8,20.3,25.4,23,32.5,37,23.5,30.3,24.6,22.4,81.8,90.4,53.5,32.5,92,121.3
IK004801,154.2,50,25.1,17.2,20.5,27.4,22.5,32.5,37.8,24,31.9,26.5,22.4,81.3,89,52.1,34.3,92.8,121.8
IK004901,159.9,66.6,26.4,20,21.9,29.6,25.5,35,37.5,21.5,39,30.4,27.4,98.5,92.8,53.2,36.4,97.3,129.4
IK005001,165.1,71.1,33.1,18.3,21.5,29.8,24.5,35.6,38.5,22.8,40,30,26.5,99.6,98,51.5,35.4,101.8,134.4
IK005101,157,66.9,38,18.2,20.5,29.2,23,35,36.4,22.7,36.2,32.2,26.4,97.7,101.5,58.5,38.2,92.1,125
IK005201,147.9,50.6,28.3,16.9,19,26.4,22.5,31.5,37.5,22.7,32,27.5,22.2,86.4,95.5,53.9,34.3,86.6,115
IK005301,154.8,48.6,21,17.4,21.4,29.2,23,34.7,39.9,24.2,32.3,27.9,23.4,82.4,85.4,51.3,34.4,93.5,122
IK005401,151.8,48.4,18.1,17.7,21,27.9,23.5,32.4,39.9,22.5,36.1,26.2,24.4,91,84.3,46.1,32.7,92,122
IK005501,155.2,64.2,35.2,17.1,19.3,29.5,23,33.2,36,23.9,34.1,31.4,27.1,96.1,105,53.5,38,93.4,123.8
IK005601,143.7,47.7,29,17,18.6,26.8,21.5,32.7,35.9,23.6,29.6,26.2,22.5,84.4,90.3,52.1,33.7,84.4,111.4
IK005701,154.2,50.7,26.9,17.5,21,26.7,22.5,32.9,44,22,31.9,27.8,22.3,89.4,92.3,48,31.4,94,122.7
IK005801,159.8,61,32.4,18.7,21.9,29.2,24.5,35.1,36.3,23.4,32.4,28,23.5,90.7,102.3,54.1,34.3,96.5,128
IK005901,155.5,52.8,28,17.5,21.8,28,22.5,35.4,41.7,25.8,32,27.5,21.5,89.2,89.2,52.1,34.2,94.2,123.5
IK006001,159.5,50.1,24,17.5,20.3,27.6,23,35.7,43,24.5,31.4,24.3,22.2,83.5,89.6,50.3,33.1,97.7,127
IK006101,153.8,42.8,21,17.5,22.8,28.9,22,34.7,41.7,24.2,30.3,24.9,19.9,80.9,83.9,48.9,30.6,89.1,120.7
IK006201,161.7,57.9,28,18.1,22.2,29.4,23.5,36,39.8,23.3,31,29.2,23.7,87,87.1,57.2,35.5,98.2,129.1
IK006301,156.9,47.7,23,17.5,20.7,26.6,23,34.7,39.3,24,31.8,24.5,21.9,80.5,84.8,55.4,33.5,97.2,125.5
IK006401,165.1,49.9,19,17.8,22,28,23.5,35.9,41.8,25.4,29.6,23.9,20.5,77.7,88,52.4,33.8,102.9,130.9
IK006501,157.3,58.4,33,17.7,21,27.5,24,35.7,38.6,25.4,35.7,30.5,24.2,91.7,96,55.6,36,95.5,123.7
IK006601,159.6,57.9,28,17.3,22,27.7,22.5,35.9,37.4,25.6,32.9,31,23.6,90.9,93.3,57.2,34.3,98.4,127.1
IK006701,160.3,43.8,18,17.6,21.4,28.2,22,37.5,39.3,25.8,30.3,25,20.3,79.3,82.2,48.6,33.7,100.8,131
IK006801,158,44.1,18,17.7,22.1,29.6,23.5,37.3,41.1,24.6,31.4,23.4,22.2,83,80.4,46.2,31.7,94.1,125.6
IK006901,158.8,51.8,26,17.9,21,27.4,23.3,34.8,39.1,24.2,31.9,29.8,23.8,85.8,90,55.1,31.9,95.7,125.7
IK007001,154.3,50.7,25,17.5,20.9,29.4,22.5,35.4,39,23.6,33.5,29.1,23.1,88.5,94,51.4,32.8,91.8,121.6
IK007101,151.7,52.5,24,18.2,21,27.7,22.6,33.2,38.6,23.6,32.9,28.8,24,83,93.8,51.7,33.5,91.2,120.5
IK007201,151.1,60.7,40.6,17.8,21.5,26.5,23,34,38,22.8,33,28.4,23.3,95.6,105.1,57.9,35.9,89.8,117.7
IK007301,156.6,52.2,27,19,20.6,28.8,22.8,36,42.8,23.5,34.1,29.8,23.9,81,93.3,53.7,31.8,94.3,121.3
IK007401,154,61.1,24,17.5,20.9,29.2,23.3,34.5,40.2,20.3,35.5,26.9,23.6,94.4,94.8,52.8,36.1,91,123.5
IK007501,160.7,53.3,18,18.4,20.4,28.7,23,33.2,41.5,24.4,36.5,26.4,24.7,87.9,88.8,49.1,31.2,97.3,126.8
IK007601,160.9,63.6,23,19.3,20.6,28.9,23.7,37.4,38.1,24.5,38.6,29.2,25.7,97.2,96.2,52.3,34.2,99.4,129
IK007701,164.6,64.4,21,18.4,22.2,29,24.5,37.2,41.9,23.8,37.3,27.3,24.2,96.7,95.5,52.5,34,101,131.3
IK007801,161.5,40.6,14,18.5,21.6,30.2,23.2,34.5,44.7,24,31.8,21.4,19.5,76.6,85.5,44.2,27.8,97,128.5
IK007901,172.9,56.1,15.8,19.6,24.3,32.9,26,39.1,43.9,26.8,36.3,25.8,24.3,85.3,91.5,46,32.5,103.9,137
IK008001,166.7,45.9,12,17.8,25.9,30.8,24.2,39.1,43.3,23.8,34.8,24.4,21,81,82.8,45,28.4,100.8,134.3
IK008101,158.8,72.1,25,19.1,22,28.5,24.5,33.7,38.6,21.6,37.8,35,27.4,100.3,95.8,57.4,40.3,98.4,128.9
IK008201,162.7,68.7,25,18.7,21.5,27.2,24.4,35.1,38.5,24.7,38.4,30.2,26.3,95.2,96,53.3,36.9,99.6,128.8
IK008301,167.6,66.4,25,19,21.4,29.4,24.5,37.5,41.1,24.3,38,29.9,24.8,93.2,93.5,56.3,33.8,101.5,133.4
IK008401,170.9,55.8,13,21.1,23.1,30,25.4,37.5,42.5,26.3,34.7,27.1,24.2,91.1,86.3,48.2,32.7,105.3,136.3
IK008501,158.9,65.5,30,18.6,21.8,29.1,23,34.9,42.6,22.8,31.9,31.6,24.5,95.4,104.1,52.9,37.5,98.9,129.4
IK008601,162.3,58.2,15,19.4,22.3,28.7,24.5,34.1,39.2,24.5,37.1,27.1,24.8,87.8,84.5,51.8,35.1,96.3,131.2
IK008701,158,54.9,25,17.2,20.6,28.5,22.5,34,39,26.2,36,26.5,23.3,87,93.5,49.6,33.7,96.5,125.2
IK008801,148.3,47.3,26,17.7,21.2,26,22,32.5,41.3,24,32.8,27.4,23,85.8,90.4,47.5,31.1,88.5,116.3
IK008901,147.5,43.5,24,18.4,19.7,28.3,23,33.1,36.9,20.9,32.6,25.2,22.3,83.8,87.8,47.8,31.3,87.6,116.9
IK009001,150.4,42.5,21,17.7,20.1,28.1,22,31.5,39,21.9,32.5,26.9,21.4,82,81.2,48.5,30.7,90,120
IK009101,157.8,46.2,22,17.7,20.7,28.8,22.5,35.4,40.3,25.6,30.4,26.2,21.7,85.2,85.7,47.3,30.3,93.7,123.8
IK009201,157.2,56.7,20,18,20.3,28,22.8,33.9,41.5,24.1,36.8,26.4,23.5,88.8,90.1,49.1,32.6,96.5,126
IK009301,155.7,48.1,21,18.1,21.8,30.3,23.5,33.4,40.2,24.1,32.8,25.5,22.3,84.2,87,50.8,30.7,92.6,122.7
IK009401,146.1,50.3,28,16.7,19,25.4,20.2,32.4,35.5,22.7,32.6,28.3,23.3,90.6,92.3,52,34.5,89.2,115.3
IK009501,166.8,74.7,23,19.5,23.3,31.7,24.5,36.6,44,23.9,38,29.1,27.2,102.7,106.8,52.5,37.1,103.4,134.8
IK009601,139.3,41.9,23,16.3,19.4,25.5,20.7,30.2,35.5,23.5,30.4,26.6,21.5,80.8,86,48.2,30.8,83.7,108.9
IK009701,142.5,51.1,38,17.1,19.2,26.6,21.7,31.6,34.7,22.5,33.6,27.3,22.4,89.1,90,52.9,29.5,83.8,113.9
IK009801,133.8,38,34,15.8,17.8,25.6,20,29.5,37.3,21.3,30.1,26,19.9,77.4,85,49.7,29.2,79.4,104.8
IK009901,148,52.8,34,17.1,19.9,28.1,21.7,31.7,38.7,21,36,27.4,23.6,90.2,93.5,54.5,35,89.9,118.8
IK010001,147.1,38.7,18,17.5,19.9,28,22.2,33.5,37.4,22.8,31.2,23.1,20.6,76.6,83.2,43.9,31,87.3,115.8
IK010101,154.9,51.6,26,17.2,20.2,26.7,22.4,34.7,36.7,24.4,29.3,29.1,23.2,78.5,88.5,53.1,34.7,96.7,124.4
IK010201,144.1,51.5,38,16.9,19,26.3,21.5,32.5,35.1,22.1,30.8,29.9,23.4,89.6,97.9,52.8,35.3,88.4,114
IK010301,146.2,44,25,17.5,20.4,28.6,23,34.1,38.4,22.5,31.7,25.6,21.2,82.5,86.9,50.5,30.7,88.5,115.7
IK010401,147.4,45.4,28,17.3,19.3,27.3,20.8,31.4,39.5,22.8,30.7,27,22,84.9,86.7,51.4,31.8,88.6,118
IK010501,152,46.1,26,16.8,19.8,27,21.3,34.5,38,23.6,32.7,26.9,21.6,83.3,86.2,52.5,30.9,92.2,119.9
IK010601,151.6,63.1,40.3,17,21.1,27.9,22.7,35.5,37.5,24.5,33.6,29.6,23.8,96.8,107,51.9,37.4,91.9,122.2
IK010701,149.5,41.4,23,16.4,19.1,28.4,21,32.3,38.8,24,28.4,25.8,20.4,81.5,85.1,49.3,29.9,91.6,117.3
IK010801,156.7,50.7,25,17.3,20.5,27.5,23.2,35.6,43.2,23,31.5,26.1,21,84.3,85.6,54.5,35.7,98.7,126.5
IK010901,145.6,51.6,34,16.7,20.1,26.9,21,30.8,34.7,22.3,30.8,25.3,22.9,88,91,55.1,35,84.5,114
IK011001,158.8,62.2,34,17.8,21.2,28.7,23,37.1,38.8,23.4,31.4,27.3,23.4,86.3,94.6,60.7,38.8,98.4,126
IK011101,149.2,46.9,29,16.9,20.1,28.3,21.4,32.1,39.2,22.7,33.3,23.4,21.5,89.7,90.1,46.4,29.9,88.4,117.9
IK011201,156.2,56.8,28,17.3,21.3,28.4,23.2,33.8,43.4,22.9,34.6,28.2,23.6,87.1,91.7,51.7,35.3,94.5,123.6
IK011301,157.8,42,18,17.4,21.2,28.7,22,35.4,41.5,26.2,28.8,21.1,19.5,79.3,85.1,44.9,29.9,95.7,124.7
IK011401,158.5,49.4,23,17.1,21.9,27.4,22.8,35,40.4,23.4,30.1,25.5,22.2,78.7,83.1,53.7,35.6,94.7,123.8
IK011501,166.5,67.1,33,18.2,22.8,31.4,23.5,37.3,44.2,24.8,31.7,27,24.8,89.9,97.5,56.9,37.1,101.4,133.3
IK011601,160.4,49.9,24,17.8,22.2,28.7,23.5,36.3,43.4,26.4,31.1,23.2,21.4,80.9,85.9,51.5,32.3,97,126.8
IK011701,168.1,54.9,24,17.9,24.1,31.1,23.6,37.8,44.3,24.4,31.5,25.4,23.4,82.5,80.8,54.3,34.5,103.1,133.4
IK011801,156.2,50.1,28,16.5,20.7,28.9,22,33.8,40,26,31.7,24.1,22.1,83.2,89.1,53.3,32.9,95.4,124.4
IK011901,166,50.2,22,17.7,22.8,30,23.5,36.6,41.5,24.4,32,24.4,22.1,82.3,86.7,51.6,31.1,100.5,130.8
IK012001,163.6,48.4,21,17.5,22.2,28.2,23.5,36,43,25.4,31.3,23.3,21,84.4,81.3,49.7,30.5,100.7,128.1
IK012101,165.4,50.4,22,18.2,22.1,29.7,23.2,38.4,44.2,24.7,30.6,24.4,23,82.2,85.7,50.6,34.1,101.5,131.9
IK012201,162.5,55.2,26,17.9,22,28.2,23.7,36.5,42.8,25,32,26,23.3,83.5,87.2,56.4,36.9,102,135
IK012301,156.1,59.7,36,17.6,20.9,28.3,22.7,34.9,37.7,25.4,33.5,29.1,24.2,90.2,97.8,58.4,36.1,94.4,124.6
IK012401,158.1,56.4,30,18.8,21.6,28.6,24,35.6,43.7,23.5,35,28.9,25.4,91.4,93.3,52.8,34,96.7,126
IK012501,155.2,53.6,29,17.8,21.5,27.7,23,34.8,42,25.7,32.2,29.6,23.9,84.4,93.6,51.5,32.5,92.2,120.3
IK012601,165.5,56.2,25,18.3,23.2,28.2,23,36.6,41.1,24.7,33,24.6,23.5,91.7,85.9,50.5,33.9,101.6,130.9
IK012701,163.4,56.9,18,17.9,21.7,28.4,23.5,36,42.3,24.4,35.8,28.4,24.5,89,88.5,50.6,34.2,99.3,128.6
IK012801,166.9,67.8,27,18.6,22.8,29.1,24.6,35.6,42.6,27,36.5,30.9,25.6,96,89.8,54.2,36.5,101,131.1
IK012901,165.9,55.4,23,17.6,23.3,28.8,25,37.7,45.2,25.1,36,25.4,23.6,85.8,84.1,50,33.4,101.9,131.8
IK013001,162.7,75.3,31,18.1,23.1,27.5,24,36.2,39.4,25.3,40.5,30.3,26.3,101,100,58,39.9,98.5,128.7
IK013101,179.9,66.7,22,20.3,24.8,31.3,26.6,42.7,47.3,24.5,37,31.4,26,95.2,81.3,54.4,36.5,113,146.6
IK013201,168.1,87.1,39,19,24,30.9,25.5,38,45.1,24.4,39.2,33.2,28.5,113,103.7,60.5,43.2,102.5,134.6
IK013301,178.6,58.5,18,20.3,24.2,32.4,25.5,39.7,46.3,25.3,35,26.4,25,88.6,85.2,49.6,34.1,106.8,143.4
IK013401,164.5,44.8,9,17.7,22,27,24.6,36.4,44.2,25.8,33.5,22.8,22.4,75.1,70.1,44.7,30.6,100.2,128.4
IK013501,160.5,51,19,17.2,21.1,27.1,23.5,35.5,44.3,25.7,34.9,25.2,23.5,82,79.2,52,32.8,101.6,128.6
IK013601,177.8,64.6,19,19.1,25.2,32.2,25.2,40,47.5,26.7,36.1,27.8,25.6,86.6,80.6,54.6,35,107.4,142.9
IK013701,169.6,52.3,15,18.5,23.5,31.1,24,38.3,45.8,24.3,34.3,24.7,23.1,81,79.4,49.3,32.7,106.5,138.1
IK013801,172.6,80.7,27,20.3,23.4,30.5,26.5,40.6,45.2,26,39.5,31.7,28.3,102.2,99.4,57.9,39.7,107.1,139.7
IK013901,168.7,62.6,23.4,19.4,22.5,29.9,25,38.8,41.7,25.9,37,27.5,24.7,93.8,92.2,49.8,33.5,103,132.5
IK014001,168.9,89.3,31.8,18.8,22.7,29.5,24.5,37.2,41.3,28,41.6,35.6,30.8,111.6,102,64.1,42.9,105.4,135.7
IK014101,163.2,56.9,17.8,19.1,22.9,29.5,25.3,37.2,40.4,22.8,36.3,28.6,25.5,83.5,77.1,52.8,35.4,99.9,131.4
IK014201,165.4,59.1,23.1,20.1,24.2,31.7,25.3,37.3,43.2,25.6,36.4,27.8,24.4,87.8,89.6,53.2,33.1,100.1,131.9
IK014301,170.8,66.1,22.5,20.6,24.2,29.8,25.7,38.9,41.2,26.6,36.8,28.7,26.4,93.1,88.7,54.5,38,105.2,135.5
IK014401,173.3,72.4,28.7,20,23.4,30.8,27,38.2,42.8,26.3,37.8,29.8,25.1,92.7,98.5,58.2,36.6,105.9,136.6
IK014501,158.9,54.3,19.6,17.9,27.7,29.6,23.5,35.8,43.4,24.4,35.1,27.5,24.4,88.1,77,51.1,36,94,125.2
IK014601,172.1,70.5,27.6,20.2,22.5,31.3,24.4,39.4,41.3,25.1,35.6,29.5,25.8,99,88,55.7,36,106,138
IK014701,174.1,78.7,19.5,19.7,24.3,29.5,25.5,39.7,43.5,25.3,38,31.5,28.8,103.8,91,56.2,38.6,108.6,138.1
IK014801,160.3,57,15.8,17.9,21.4,30.5,23.1,35.1,39.8,25.5,33.5,27.5,24.8,88,90.7,51,37.3,96.7,127.8
IK014901,178.7,59,18,20.9,25.2,32.3,26.5,39.8,45.8,27.4,33.8,24.9,23.7,80,79.4,53,34,111.6,144
IK015001,177.8,87.5,29.2,19.4,25,31.4,26.5,43,44,25.3,39,31.5,29,101,99.9,62.5,43.5,109.6,142.5
IK015101,154.9,54.4,22,18.8,21,28,21.8,33.8,41.7,22.8,33.9,28.5,24.5,89.3,82.6,52,35.4,94.3,122.9
IK015201,181.7,86.8,26.5,20.6,24.1,32.5,27.5,40.5,45.6,26.6,39.2,31.6,29,103,95.3,63.1,39.7,114.2,148.2
IK015301,162,64.8,26.3,17.6,22.5,28.1,24.5,35.8,44.2,24.2,35,30.6,26.4,95.1,95.4,51.5,38,100.5,129.3
IK015401,172.5,74.7,26.9,20.3,24.2,31.3,25.5,38.2,43.8,24.9,39.6,30.9,26.5,97.8,95.8,53.8,36.4,102.9,136.7
IK015501,161.4,62.4,20.2,19.3,21.8,28,24.8,34.9,44.8,23.5,37.5,29.5,25.9,93.4,86.4,50.3,35.4,98.9,128.5
IK015601,172.3,78.3,31.7,19.4,22.2,30.8,25,37.4,46.4,25.4,40.2,34,29.3,98.2,90.8,59.8,38.6,106.3,138
IK015701,172.9,62.9,17.3,19.1,23.4,31.5,26.5,39.4,47.3,24.6,35.5,29.5,26.2,91.2,86.3,52.1,37.2,103.5,137.5
IK015801,171.3,63.9,14.2,20,24.3,31,25.7,39.3,44.9,24,35.8,26.4,25.8,91.2,92.8,61,40.3,102.5,135.8
MG000101,172.5,71.2,18.7,19.5,25.5,33,26.5,38,47.5,27,39,27.5,27.5,96.5,96,53,36.5,103.5,140
MG000201,162.1,68,18.1,18,24,28.5,24,36.5,38.5,28,38,28,25,93,99.5,52,37,98,129
MG000301,153.3,57.9,33.1,15.5,21,27.5,21.5,34.5,40,23,34,27,24.5,94.5,100,51.5,33.5,92.5,123
MG000401,168.5,67.1,23.5,19,25,32.5,25,39.5,41.5,24.5,38,32.5,25,94,94.5,48.5,37.5,105,139
MG000501,162.8,59.5,24.2,19,25,29,24.5,38.5,40.5,25.5,37,29.5,26,92,90.5,48.5,35.5,100.5,132
MG000601,156.1,48.8,7.3,17,21,26.5,22.5,37.5,40.5,22,35,23,23,81.5,85.5,47,34.5,93,125
MG000701,156.7,50.2,21,16,22,27.5,23,35,45,24,31,26.5,22,81,91.5,52,36,95.5,125
MG000801,143.1,51.4,35.4,17.5,21.5,28,22,33.5,37.5,24,33,28,23,87,96,55,33,84,115
MG000901,166.7,70.6,26.2,19,24,33.5,25,35.5,44,24,39,28.5,27.5,98,99,51,37,100,138
MG001001,165.4,63.7,22.1,19.5,23.5,32.5,24.5,37,41.5,25,38.5,27,25.5,94,95,49,36,102,137
MG001101,161.6,64.3,21.4,19,24,30,22.5,36,43.5,23,36,30,27,90,98,51.5,39,93,129
MG001201,160,55.2,16.9,17.5,23.5,29.5,23,39,41,22.5,36,27,25,88.5,87.5,47,34,96,129
MG001301,156.5,58.4,26.4,19,23,29.5,23,36.5,37,27,35,28.5,24,89.5,97.5,52.5,38,91,124.5
MG001401,164.1,67.5,20.1,19.5,23.5,30,25,38.5,41,26,40,30.5,25.5,93,97,51,37.5,98,133
MG001501,167.3,62.1,27.2,19,26,31.5,23.5,39,39.5,23,37.5,27,23,100,88,49,31,102,136
MG001601,145.6,52.9,38.4,17,21.5,26.5,21,33,37,26,35,30,23,92,94,53,32,87,116
MG001701,147.6,56.1,33.9,17,21,28,22.5,33.5,37,22,36,31,22.5,94.5,96.5,49,33.5,89,119
MG001801,167.5,65,16.7,19,28.5,30.5,24,38.5,38.5,27,38,29,26,93,95,49,35,102,135
MG001901,144.5,47.7,25.6,17.5,21,28.5,22.5,33,33.5,22,36,30,23.5,86.5,89.5,46,32,87,117
MG002001,163.6,70.1,19.2,18,23.5,31.5,23.5,37,39.5,22.5,39,30,24,105,97,53,39,100,134
MG002101,137,44.2,32,16,19,27,20,31.5,35.5,21,34,26,21.5,86,89,43.5,31,82,111
MG002201,154.9,57.2,28.5,18.5,22.5,31,22.5,36,43.5,24,36,28,25,86.5,95,48,39,94,126
MG002301,140.7,47.3,29.3,15.5,19,25,21.5,32.5,34,22.5,35.5,28,22,90,90.5,44.5,32,88,114
MG002401,156.8,65.4,37.9,18,21.5,27.5,24,35.5,38,24,36.5,31,24.5,96.5,99,57,37,96,127
MG002501,150.1,50.6,30.3,19,22,28,22,35,39.5,22,31.5,28,23.5,84.5,88,49,32,92,121
MG002601,145.9,46.1,26.8,17.5,22,26.5,22.5,35,39,22.5,35,27,22,83,90.5,49,31.5,89,116
MG002701,164.1,75.6,19.7,20.5,23.5,30.5,24.5,39.5,43,26,39,32.5,28,101,98,54,41,99,132
MG002801,144.6,54.3,28.1,17,21.5,28.5,21.5,31,38,22,32,28.5,22.5,84.5,97.5,54,36,88,118
MG002901,151.5,54.9,28.3,17,21.5,27,23,34,39,24,32.5,29,23,93,94,48.5,34,93,125
MG003001,146.9,50.8,30.8,18,20,25.5,21,32.5,35.5,22,33,28.5,22.5,88.5,95.5,52,31.5,93,121
MG003101,162.5,46.9,8.9,18.5,22.5,30,24,36.5,42,26,34,23,23,84,83,43,31,99,131.5
MG003201,155.3,54.6,31,16.5,21,27.5,22,34.5,42.5,22.5,33.5,26,21.5,87,97.5,52.5,32.5,96,126
MG003301,165.9,58.7,27.3,19.5,24,30.5,23,37.5,41,25,33.5,27,23,88,101,50,33.5,103,137
MG003401,138.2,42.3,25,17.5,20.5,27.5,21.5,33.5,34.5,24,31,25,21,81,88,47,32.5,80,109
MG003501,149.6,62.7,38.4,15.5,20,27.5,21.5,31.5,40,21.5,33,32.5,23,89.5,101,61,39,91,120
MG003601,152.4,45,22.4,16.5,22,27.5,22.5,32,42,25,31.5,23.5,21,81.5,86,45.5,28.5,94,123
MG003701,159.8,52.8,20.2,17.5,22,29,23,35,42,25,40,26,23.5,89,89,44.5,30,96,127.5
MG003801,162.2,58.7,29.1,19,24.5,31,23.5,40,40,24.5,37.5,27,24.5,99.5,90,44,31.5,98,132
MG003901,146.3,47.2,24.1,17,19.5,27.5,22,35,37.5,23.5,31,27,22,83,91,49.5,32.5,90,122
MG004001,149.2,47.2,23.8,16,19.5,27.5,22,31,42.5,23,32,26,26,84,91.5,45,31.5,90,121
MG004101,155,37.4,13.9,16.5,22,28,22.5,36,39,25,31.5,21.5,18.5,70.5,82.5,41.5,27.5,93,123
MG004201,150.1,46.8,25,17.5,22.5,30,22.5,32,39.5,24.5,31.5,26,21.5,84.5,87.5,51.5,31,89,119
MG004301,150.8,56.3,27.1,17,20.5,28.5,23,34.5,39,23,33,27,22,89,95,55,36.5,91,121
MG004401,142.4,47.6,26.3,17.5,20.5,28,22.5,35.5,35.5,20.5,33,26,22,82.5,94.5,49.5,34,85,114.5
MG004501,149.4,50.2,27.3,18,22,28,23,33,38.5,23,33,28,22,87,92.5,47.5,34.5,91,121.5
MG004601,146,49.5,34.9,16.5,22.5,29,22.5,33.5,37.5,24.5,33,26.5,21.5,85,95.5,44,31,91,121
MG004701,150.7,54.5,29.1,16.5,23,27,22,32,40,24.5,35,29,23,89,96,51,35.5,92,120
MG004801,159.1,58.6,25.8,18,22.5,31,22.5,34.5,44.5,24,36,29,24,91,100,51.5,35,95,128.5
MG004901,157.2,68.1,35.8,18,22,29,23,34,41.5,24,38.5,31,23.5,102.5,103,52,37,99,130
MG005001,145.7,48.1,28.3,16.5,21,27.5,22,33.5,34,21.5,33,28,23,86.5,90.5,47,32,89,117
MG005101,147.3,51.3,32.4,17.5,22.5,27,22,34.5,39,24.5,32.5,30,22,91,91.5,47.5,31,89,118.5
MG005201,158.1,58.1,28.3,18.5,24.5,32,25,39,40.5,25,33,29,23.5,91.5,97,50.5,34,97,130
MG005301,159.8,53.4,24.3,18.5,25,33,23.5,35.5,44,25,39,26.5,23,94,86,44,33,91.5,127
MG005401,157,49.9,23.1,17.5,22.5,30,22.5,35.5,42.5,24.5,33.5,27,21.5,86,89.5,48,31.5,92,124
MG005501,165.8,71.4,22.9,20,22,31.5,25.5,39.5,41.5,26,39.5,31.5,26.5,99,98.5,51,37,100,133.5
MG005601,163.1,46,18.4,19,24,35,23.5,40,41,25.5,30.5,24,22,79.5,87,46.5,33,99,131
MG005701,162.8,64.6,25.1,18,22,31,23.5,37,38.5,25.5,40,30.5,26.5,94,97.5,51,38,98,130.5
MG005801,147.6,48.5,29.3,16,21,28,22.5,33.5,38.5,23.5,32.5,25,21.5,89,94,44.5,34.5,90.5,120.5
MG005901,158.6,51.9,19.8,17.5,22.5,31,24.5,39.5,42,22.5,36.5,27,24,87.5,87.5,48,32.5,94,127
MG006001,171.5,82.8,25.9,19,28.5,32.5,26,39,40.5,25.5,41.5,31.5,27,103.5,104.5,56,40,104,139
MG006101,157.6,53.6,26.6,16.5,21,28,22.5,36,39.5,25,33,25.5,21.5,90,91,54,34.5,96,127
MG006201,148.4,44.2,25.3,17,20.5,27.5,21,34,39.5,23.5,30.5,26,21,82,84,46,32,91,120
MG006301,163.7,64.5,27.3,20,27,32.5,26,39,41,24.5,37.5,25.5,23,96,100,47,35,100.5,136
MG006401,160.2,68.5,30.6,18,22.5,30,24,34.5,39.5,24,40,30,25,97,97.5,53,37,98,131
MG006501,164.3,64.8,21.7,17.5,23,29.5,23.5,37,38,24.5,37.5,29.5,26,91.5,96,52,36,101.5,133.5
MG006601,155.5,46.6,15.1,18,23,28,23.5,35.5,38,24,33,23.5,20,82.5,86,45.5,30.5,96,127.5
MG006701,165.6,49.3,13.5,20,26,30.5,25,36.5,39.5,25.5,36.5,24.5,22,86,85.5,44,32,100,133
MG006801,160,65.9,21.4,17.5,23.5,29.5,25,35.5,37.5,22,39.5,30.5,26,97,95.5,53.5,35,95,128
MG006901,171.1,85.3,26.5,18.5,24.5,31,25.5,38.5,39,25,42.5,32,28,108,109,54.5,40,106,140.5
MG007001,154,64,29.7,17,21,30.5,23.5,33.5,41,22.5,37,30,25,103,105.5,49,33.5,100,125
MG007101,169.1,78,22.8,20,26,33.5,27,39.5,41.5,26.5,41,28.5,28,104,102,54.5,38,102.5,139
MG007201,167.3,81.5,30.2,19.5,25.5,32,25,38.5,42,24,42,32,27,110,106,56,40,104,139
MG007301,144.8,47.2,28.2,16.5,21.5,27,22.5,35,35.5,23,34.5,27,21.5,83,91,47.5,29.5,99,117.5
MG007401,165.9,49.8,11,18.5,26,32,25,40,43.5,25.5,36.5,24,23.5,85,86,44,33.5,100.5,135
MG007501,161.9,65,27.6,19,24.5,31.5,25,37.5,39,23.5,38.5,29,26,102,96,51.5,34.5,96.5,130.5
MG007601,173.3,79.2,29.8,19,24.5,32.5,25.5,40,46,24,44,30.5,25,103,106,52.5,40.5,108,143
MG007701,155.6,53.1,18.6,17,22.5,30.5,22.5,36,39.5,21.5,36,26.5,24.5,89.5,88,50,32.5,95,127.5
MG007801,157.4,56.6,29.8,17.5,23,29.5,24,37.5,39,26,33,27,24,94.5,94,49,35,95,126
MG007901,151.3,47.2,25,18,21.5,29.5,22,35,39,22.5,31.5,21.5,21,78,91,52.5,33,91.5,121
MG008001,155.5,67.9,41.5,17.5,21,30,22.5,35,38,22.5,36,32,24,97.5,103,60,39,95.5,128
MG008101,167.4,57.3,15.4,18.5,24.5,31,25.5,38,39.5,23.5,37.5,26,25,93.5,92,45.5,32.5,107,139
MG008201,167.1,60.2,18.8,19,25,32,24,38,39.5,24,36,27,24.5,94,93,50.5,34,101.5,135.5
MG008301,150.9,52.2,27.8,17,22,31,23,34.5,37,21.5,35,28,21.5,90,97.5,52,32,91,123
MG008401,168,67,23.6,17.5,24,30,24,38.5,39.5,23.5,39,31,25,98.5,96.5,52.5,36.5,104,138
MG008501,163.3,58.9,21.7,18,22,29.5,23.5,36,38.5,24.5,39,28,24.5,91,90,48.5,34,103,135
MG008601,163.7,63.5,19.9,19,24.5,31.5,24,38.5,39,25.5,37,29.5,25.5,94,91.5,50.5,36.5,101,134.5
MG008701,157.3,52.5,19.1,17.5,23.5,30.5,22.5,36,38,23.5,39,26.5,25,88.5,88,46,32,93.5,126.5
MG008801,160.5,52,23.4,17.5,22.5,33,22.5,36.5,39,24,32.5,26,20.5,85,93.5,54,33.5,97,132
MG008901,148.2,56.3,31,17,19.5,30.5,22.5,32.5,35,23.5,34,28.5,23.5,93.5,97.5,51,33.5,91,121
MG009001,149,58.4,35,17,23,29,23,35.5,36,22.5,32.5,31,21.5,91,102,53,35,92,122
MG009101,157,53,24.8,17,20.5,30.5,23,34.5,39.5,24,33,28,23.5,90,90.5,48,34,93,124.5
MG009201,146.3,58.3,35.8,16.5,20,28.5,22,32.5,35,23.5,33,33,24.5,90,98,61,37,87,118
MG009301,151.8,64.3,37.3,19.5,22.5,28.5,21.5,37,37.5,24.5,34.5,33.5,25,99,99.5,57.5,38.5,92,122.5
MG009401,163.9,63.3,23.6,18,24,31,24.5,38,38.5,24,39.5,28,25.5,94,92.5,52,33.5,101,134
MG009501,175.5,95.5,35.1,19,26,33,26,39.5,45,27,42.5,34,29.5,109,115.5,57.5,41.5,107,142.5
MG009701,176.9,74.3,23.5,20,27,34,25,41.5,43,27,38,31,27,97,101,57.5,40.5,107,144
MG009801,170.3,76.3,25.9,17.5,24.5,32.5,24,38.5,41,24,42,31,26.5,97,95,56.5,36,103,137
MG010101,158.4,57,28.9,17.5,24.5,29,23.5,36,37,24.5,37,26.5,24,92.5,86,49,35.5,96,128
MG010201,156,48.2,13.8,16,22,27.5,22,36.5,37,25.5,34,25.5,25,88.5,79,45.5,33.5,94,126
MG010501,162.7,55.5,18.6,17.5,22.5,28,23.5,37.5,40.5,24,38,26,24.5,88,87,45.5,34.5,101.5,129
MG010801,182.5,66.4,15.6,19.5,26.5,33,27,42.5,44,29,37,28,24.5,93,95,51.5,36.5,110,147
MG011101,174.9,68.4,14.1,18.5,25.5,30.5,25.5,42.5,43.5,27.5,37,29,27.5,95.5,92.5,54.5,38,107,141
OS000101,141.4,46.1,36.1,15.7,23.6,23.8,21.7,34,39.6,20.6,33,25.6,22.6,91,91,39.2,31.2,83.5,110.5
OS000201,140.8,49.2,34.1,17.2,20.9,26,21,31,36.2,22.2,33.7,25.5,23.5,91.7,78,50.5,31.7,84.2,113.4
OS000301,157.6,73.6,28,18.2,23.4,29.2,24.7,36.2,39.9,21.7,44.5,30.4,28,104.4,97,59.2,38.8,93.4,127.4
OS000401,172.8,62.8,15.3,19.7,26.3,32,25,41.5,41.6,25.4,37.2,27.1,25,92,88,47.1,34.7,107.5,144.8
OS000501,151.6,50.8,28.8,17.1,22.2,25.8,23,35.3,43.1,23.8,35.5,23.8,21.9,87.5,83.5,44.2,32.8,97.4,123.2
OS000601,148.2,40.8,22.9,18.9,22.4,27,23.2,35.5,37,21.6,33,22.7,21,82,71.5,38.4,27.5,89.3,121.7
OS000701,149.4,42.6,18.6,16,22.1,29.8,23,33.7,43,18.4,33.4,20.7,20.3,80.4,75.7,43.4,28.8,96.2,126
OS000801,166.4,79.7,24.3,19.7,23,29.5,25,38.4,39.9,24.8,40.5,30,29.4,102,97,50,39,103.1,135.8
OS000901,148.3,49.2,28.3,18,21.5,25.8,22.5,34.4,38.4,22.6,33,24.6,21.5,86,81,44.7,32.5,90,119.7
OS001001,144.1,47,26,16.8,21.7,27.6,22,34,39.1,20.2,35,24.3,22,81.4,88,45.5,34.2,84.7,114.9
OS001201,158.7,49.4,15,18,24.1,28.9,24.3,37,38,23.7,36,23.4,23.7,84.6,74.5,41.7,32.9,98.9,132
OS001301,153.7,57.1,33.1,16.9,21.6,28.7,21.5,35.2,40.2,23.1,35.7,27,23.4,95,84.3,44.3,34.4,94.2,124.1
OS001401,145.4,55.1,36,17.4,21.6,26.3,21.5,31.3,39.6,20.4,36.7,28.5,24.2,90.3,84.8,47,34.2,87.7,117.7
OS001501,168.9,73.2,24.7,18.8,26,30.9,24.8,35.7,47.3,20.5,40.8,,24,111.3,98.3,53.5,38.1,106.1,137
OS001601,163.6,55,15.1,18.8,25.3,31.4,24,38.3,45.2,23.6,36.5,22.3,24,88,80.5,43.5,33,99.7,134.6
OS001701,153.4,63.4,40.1,18.6,21.9,28.9,22,35.1,36.1,23,37,33,25,99,89,49,35.7,92,123.7
OS001801,152.4,50.8,28.8,17.4,22.6,27.1,23,35,39,21.9,33.5,25.5,23,89.5,74.8,47.3,34,91,123.7
OS001901,170.7,72.6,24.3,21.4,25.3,29.6,26,38.1,45.4,24.6,38.2,29,26,96,92,53,35.5,106.6,139.8
OS002001,162.3,67.1,25.8,18.2,24.3,30.4,25.3,37.9,43.9,21.3,38,27.4,25.9,92.6,98.9,51,36.3,103.7,134.8
OS002101,164.8,66.6,19.8,18.3,24.3,29.7,25.5,34.2,39.6,26.3,37.4,28.4,26.8,95.5,80.5,53.3,38.2,99.7,131.4
OS002201,170,61.8,17.5,18.3,25.4,29.1,25.3,37,42.1,26,38,27.5,24.3,94.7,84,46.2,36.8,104.1,139
OS002401,170.4,65.3,17.6,19.3,23.7,30.3,24,36.2,40.6,25,38.4,29,25,90.9,79.8,52,39,,
OS002601,180.9,78.9,16.5,18.6,24.9,31.8,25.9,42,43.2,25.6,37.3,30.4,27,95,84.2,60.3,40,102.6,138
OS002701,173.8,67.4,18.4,19.6,25.4,28.7,25,38.3,38.6,27.4,38.5,29.8,27.3,96,79.5,53,35,112.7,141.4
OS002801,151.2,60.3,35.2,16.2,21.2,29.1,21.5,31.5,36.4,23.1,34.7,29.3,22.9,91.2,94,52,35,104.2,136.6
OS003001,170.6,58.8,17.6,18.4,23,29,25.5,34.9,40.3,26.1,36,27.1,26.4,87.9,78.7,54.7,35.5,105.8,139.3
OS003201,173.2,70.7,14.7,19.4,24.8,29,24.8,37.1,42.5,24.8,37.2,28.2,27.2,95.7,89.7,54.7,36,108,141.3
OS003301,165,61.4,20,17.5,24.2,28.5,23.2,36.8,38.9,22.4,38.2,23.8,23.6,91,88.2,50,36.3,102.1,135.1
OS003601,172,68.9,18.3,18.4,24.5,32.5,25.2,39,44,23.7,40.7,27,25,96.8,85.5,56,39.5,103.8,141.2
OS003701,167.5,68.1,23.2,18.3,23.5,29,23.4,36.2,39.5,25.2,39.7,29,27,97.4,92,55,39.5,105,136.1
OS004001,155.3,55.2,14.6,19,23.4,28.1,23.5,34.3,38.9,23,37,26,24,85,79,46.7,32,95.2,129.1
OS004101,157.5,59.2,23.5,18.4,23.4,28.1,23.5,35.5,36.5,22.6,37,,23.3,92,96,45,35,94.8,126.8
OS004201,150,52.6,29.3,16.9,20.8,27.9,21,35,38.9,21.5,32.2,26,23,88,87,49.8,32.2,90,119.6
OS004301,146.8,52.9,31.7,17.3,21.2,27.2,24,34.5,39.6,23,33,26.7,21,88.1,99.5,51.7,30.8,87.8,118.9
OS004401,160.8,52.2,15.1,17.2,23.9,29,24,33.6,43,26,36,27,24,85,75.5,45.5,33,97,130.4
OS004501,163.5,68,23.5,18.8,25,31.8,26,37.2,44.4,23,41,29,27,95,99.5,52,35,99.4,133.4
OS004601,148.8,52,29.9,16.8,21.5,28.1,23,32.2,42.9,23.3,32.1,26.1,21,89.8,80,51.1,33.7,87.4,119
OS004701,152.9,67.5,43.7,16.5,21.8,30,23.8,33.9,41.3,21.2,37,33.5,24,104.2,108,47.6,34,94.6,126.3
OS004801,162.9,65.5,24.9,18,25,31.8,24,37.4,41.2,23.6,38,26.4,26.1,95,90.5,42,36,104.1,137.4
OS004901,168,74.8,21.7,18.4,24.2,31.2,24,35.4,49.4,25.1,41,30,27.5,98.5,100,46,37,101.7,134.7
OS005001,144.5,50.2,35.3,16.5,20.2,27.2,21.5,34,35.7,21.1,33.1,30.1,21.4,88,87.5,44.1,31,89.4,119.5
OS005101,143.8,58.4,36.7,16.3,21.2,27.5,22,33,36.7,21.2,34,27.7,25,95,90.5,46,36.2,84.3,115
OS005201,160.6,53.8,21.3,18.1,23.3,29.5,24,34.4,43,23.2,36,26,23,90,80,49,31,97,130.8
OS005301,156.7,59.6,20.1,18.6,23.3,28.9,24.5,35,42.3,21.8,39.4,27.9,26.2,90.5,93,49.5,33.3,96.7,129.7
OS005401,151.2,54.8,31.4,18,20.5,26.5,23.5,33.4,39.8,25.2,35,29,22.8,88,99,49.5,33,87.8,119
OS005501,152.4,51.2,32.1,17,21.5,27.2,23.7,36.1,38.5,23.7,31.6,28.2,20.5,89.3,76,50.2,31.9,90.8,123.1
OS005601,165.6,56.8,17.8,18.2,24.6,32.1,25,36.5,43.5,21.5,36,24.4,23.7,89,84.7,44,33.3,101.1,138.5
OS005701,164.5,61.1,22,18.6,24.9,30.3,25.5,36.3,45.8,24.6,37.4,25.4,24.8,92.3,83.5,43.3,34,98.9,134.4
OS005801,146.9,58.2,37.1,17,20,27.3,21.3,33.3,34.5,23.4,32,27.6,24.5,87.5,98,48,36,85,117.2
OS005901,150.3,57.3,33.5,17.2,22.2,26.9,22.5,33.1,39.7,23.4,33.2,30.2,24.3,90,88.1,54.5,34.8,95.5,124
OS006001,163.7,66,21.7,,25.8,30.5,24.5,37,38.6,21.6,38,27,25,97,92,50.8,36.6,101,136.4
OS006101,157.8,54.5,20,17,21.8,29.5,23,34.3,37.7,22,36,27.7,24.3,89.4,85.5,47.9,33,95.4,128.9
OS006201,154.4,55.4,27.4,18.3,22.2,28.6,24.5,34.4,40.6,26,34.5,27.8,22.9,92,93.5,47.1,34.1,91,123
OS006301,135,45.3,29.5,15.7,19.2,27.4,20,31.2,38.7,20.2,33,27,22,84.5,83,47,32.2,83.2,110.6
OS006401,165.8,70.8,21.5,18.7,25,31.1,23.8,36.9,45.3,25.1,39,32,26.6,97,96,51.5,38.5,104.2,136.4
OS006501,166.7,63.4,23,19.4,24.1,31.5,24.3,37.9,47.3,25.6,38.5,24.3,23.7,94,89.3,49,36,101.2,138.3
OS006601,145.1,44.4,25.7,15.5,20.3,26.1,20.5,32.4,38.1,23,31.1,25,19.8,80.7,81.6,48.1,31.2,86.1,115.5
OS006701,148.3,49.7,27,16.8,21.7,26.2,22,32.7,38,21.3,30.7,26.3,20,90.2,90.8,44.8,29.7,88.6,119.2
OS006801,166,54.2,12.7,19.5,24.3,33,24.5,40.4,40.6,22.3,36,24.5,22.7,87.9,83,41.5,33.7,105.4,138.4
OS006901,162.5,62.3,19.6,18.5,24,29.5,25.5,38.3,38.5,24,36,28,25,91,87,47,35,101.6,133.3
OS007001,158,55.8,30.2,18,23.6,29.5,23,36.6,43,21.3,35.8,28.8,22,83.5,94,43.5,31,94.8,128.9
OS007101,152.1,45.7,24.8,17.5,22.5,28.4,23.7,34.8,40,24.6,37,23.5,19.7,83.2,89.2,39.5,28.4,92,123.2
OS007201,160.2,56.2,23.7,19.1,23.7,30.8,23.5,36.7,42.3,22.4,38.4,26,23.3,93.7,81.5,46.3,32.3,,
OS007301,164.9,55.2,19.3,19.8,24.8,28.6,25.5,35.9,38.7,24.1,37.5,25.2,24.3,87,82,47,32.3,,
OS007401,166,78.8,24.8,19.5,23.6,28.7,24.5,36.2,42.8,24.9,41,27.2,26.8,107,98.4,54.5,38.6,,
OS007501,156.7,53,19.8,17.6,23,28,23.5,33.7,37.3,25,36,25.5,23,92,90,44.7,32.4,,
OS007601,151.5,55,29.8,17.7,21.2,27.8,22,34.1,37.2,22.2,32.5,28,23.6,88.2,94.1,49.5,33.4,,
OS007701,150.6,62.6,29.7,18.5,22,28.2,22.5,36.4,38.7,20.2,37,31,23,90.5,99,50.5,38.5,,
OS007901,156.3,56.4,17.1,18.7,22.6,29,24,34,41.9,24.1,37.7,28,25,88.7,83,48,34.8,,
OS008001,148.2,55.5,34.8,16.5,21.5,28.4,22,33.2,37.2,24,34.5,23.4,20.5,91.4,93.5,50,32,,
OS008101,151,61.2,35.6,17.3,21.8,28.8,23,33,40.3,23.8,35.7,31.1,25,97.2,101,53.6,35.4,,
OS008201,171.1,69.4,17.1,18.8,25,31.2,25.5,38,42,22.9,38,28,26,92.7,87.5,50.2,36,,
OS008301,160.6,58.8,18.4,16.1,22.7,29.1,23.3,24.9,37.8,24.4,38,26,23,91.5,87.3,47.5,35.8,,
OS008401,154.5,47.4,23.2,17.2,20.3,29.7,22.7,33.4,40.2,25.4,31.5,26.8,21,82.5,85.4,43,29.4,,
OS008501,155.4,50,24.3,16.9,22.5,29.9,23,26.4,40.1,21.8,32,24,20.6,83.8,91,49,32,,
OS008701,162.1,64,26.1,17.2,24.2,31.1,24.5,35.9,43.3,22.9,40,27,25,96,91,50.8,35,,
OS008801,147.7,51.5,30.1,16.5,19,27.5,21.8,32.5,34.5,22,32.8,26,22,89,92,48.5,33,,
OS008901,155,46.2,19.6,18.3,22.7,27.9,22.5,35.3,36.5,23.5,31.5,27.5,23,83,83,46.7,32.6,,
OS009001,158,60,19.4,18.2,23.4,28.5,23.5,34.8,39.9,23.6,37,29,26,92.6,83,52.8,34.7,,
OS009101,168.9,75.4,24.8,18.8,26,32.2,25.5,39.7,42.9,24.7,42.2,29,27,102,94.7,52,37.3,,
OS009201,143.8,42.6,26.4,16.2,21.3,25.7,21.5,32.7,35.6,23.6,30,24.4,20.3,80.8,88.5,42,29,,
OS009301,152.1,50.6,24.6,18.4,21.3,28.5,23,32.6,37.7,24.2,34,29.2,22.5,85,88.2,41,32.8,,
OS009401,150.1,43.1,19.8,17.5,22.1,29,22.5,32.7,36.5,25.7,34,21,21.2,80.7,84,40,31.3,,
OS009501,145.7,44.6,,16.2,20.3,25.2,21,31.9,38.8,24.9,32,25,21.4,75,82.1,47.3,32,,
OS009601,150.5,49.5,27.2,16.1,22.3,28,22,33.3,37.8,24.4,30.6,27.6,20.8,80.8,89.7,50.6,33,,
OS009701,147.9,43.9,22.6,18.2,21.7,27,22.5,31.9,37,22.3,30.5,23,19,84.3,88.5,42,31.3,,
OS009801,159.1,55.7,27,16.7,21.2,28.5,22.8,38,38.4,25.7,34.5,25.9,19,89,94.6,44.5,34.8,,
OS009901,143.9,51.2,36.6,17.1,20.3,26.2,21.3,30.7,32.8,21.9,36,27,21.7,88,92.2,54,33,,
OS010001,155,58.1,27.4,16.8,21.6,28.8,22.5,33.4,38.4,21.8,34.7,26.5,22.7,89,89,46.7,35,,
OS010101,148.4,44.8,26.2,15.4,20.7,25.6,20.5,31.9,32.4,23.7,33,25,21.2,81.4,86.4,47.3,30.8,,
OS011201,167.8,73.1,30.3,17.4,23,27.7,22.8,37.5,40.2,25.8,38.9,28.7,26.3,99.7,96.6,58.1,35.6,105,136.6
OS011401,171.7,59.9,15.6,17.5,23.3,29.4,24.8,37.9,42.7,23,36.7,26.3,25.2,91,83.4,48.3,34.9,106.9,141.2
OS011601,157.3,62.8,22.3,17.2,24.9,27.9,23,34.6,38,21.6,39.5,27.8,27.4,92.3,86,52,36.3,93,124.6
OS011701,162.7,57.1,19.3,17.3,22.6,28.8,23,34.9,39.3,24.4,35.5,29,25,91.5,77,54,36.5,100.9,133.1
OS012001,173.4,77.2,18,19.6,24.7,31.5,26,39.4,39.6,27.4,40.5,26.4,25.5,96.4,83.5,56.5,40.4,103.7,137.2
OS012201,172,68,21.4,18.7,23.8,31.9,24.8,39.4,41.7,25.9,36.2,27.8,25.8,91.8,88.8,52.3,38.1,106.2,138.2
OS012301,166.7,72.3,24.8,17.7,22.8,29.7,24.3,37,39.5,26.4,41,30,25.9,99,86.4,52.9,36,100.6,133.6
OS012401,170.3,73.4,23.3,17,24,28.4,25.5,38.4,39.2,23.5,39.5,31.3,26,98.3,85.9,53.5,34.7,107.8,140.6
OS012501,166.9,62.3,17.5,16.3,23.1,29.7,23.6,36.5,39.7,24.4,35.2,25.7,26.1,90.8,77.3,52.2,36.8,102.1,134.6
OS012601,171.4,58.7,16.9,19.3,23.5,29,25,35.4,41.5,26.5,35.4,27.4,26.1,89.5,90.4,48.5,33.3,105.7,137.6
OS012701,167.7,69.6,26.7,18.4,24.4,30.6,23.8,36.5,40.7,27.7,37.3,30.1,26,101.6,93.3,50,36.6,102.5,136
OS013001,165.7,56.2,22.5,17.8,22.3,27.5,24.6,37.4,43.3,24.7,31,23.5,21.8,83.5,83.5,51,37.7,105,136.3
OS013101,158.6,49.7,21.9,18.9,22.4,27.8,23,34.8,36.7,25.7,30,24.7,21,80.8,70.8,49.6,33.5,97.2,129.2
OS013201,170.3,65.4,20.8,18.7,25.3,27.9,25.1,39.6,40,23.9,38,27.6,27.3,93,88.6,53.8,36.2,105,139
OS013301,148.1,53.1,28.2,16.4,18.7,24.7,23,28.5,36.5,24.3,34,25.3,22,88.6,84.3,47.3,34.3,90.5,113
OS013601,162.3,81.1,31.9,19,21.9,30,24,36.2,37.9,24.8,41,32.2,26.7,102.4,103,64,41.5,99.5,130.9
OS013701,171.4,75.2,27,15.8,22.4,27.8,24.3,35.6,37.7,25.5,39,29,26,94.5,88.5,59,38,,
OS013801,165.7,69.8,20.3,18.7,22.4,30.9,23.8,36.5,38.9,22.6,40.1,29.5,28.7,97.2,91.3,58.3,37.3,102.6,138
OS013901,172.4,68.7,19.1,17.3,24.3,30.3,24.5,37.2,39.3,28.6,35.6,28.4,26.8,94.1,82.5,58.2,39.7,100.7,135.6
OS014001,163.8,72.1,27.5,18.6,21.7,29.7,24.2,35.5,38.3,23.9,39.2,31.4,28.7,98.2,100.3,55.9,38,98.9,130.9
OS014101,164.4,67.4,26.2,18.3,22.7,27.7,23.2,36,39.4,25.2,36.8,28.4,26.6,94.2,86.5,54.8,36,99.2,132.5
OS020101,149.5,47.6,29.8,16.2,23.2,27.4,22,34.5,38.5,21.9,33,24,23.2,88,92.8,47.4,30.5,,
OS020201,149.6,46.4,26.8,17.6,22.2,28.5,22,35.1,40.4,20.3,32.5,25.3,23,84.5,89.7,43,31.2,,
OS020301,152.9,56.6,27.3,18.3,20.5,27,21.9,33.9,38.8,22.2,33.4,27.7,23.6,89.8,91.5,48,35,,
OS020401,153.5,54.5,29.1,17.7,22.7,27.7,23,35.7,38.2,22.8,34,22.1,25.5,93.2,98,42,32.8,,
OS020501,153,69,41.1,16.1,20.8,27.6,21.5,32.4,36.6,23.1,35,29.5,24,95,107,54.5,38,,
OS020601,149.4,46.3,25.3,15.5,20.8,26.3,22.5,31,38.3,22.5,32,22,21.5,81.5,90,45,32,,
OS020701,153.6,49.8,26.6,14.2,19.9,24.2,21.2,34.9,41.9,24.8,32,24,22.5,92.5,92.5,43.5,31,,
OS020801,139.1,55,43.5,16.4,22,25.5,22,32.4,35.2,21.3,31,29.2,22.9,91.5,91.5,52,34.2,,
OS020901,147.4,59.4,,16.6,21.8,28.2,21,31.4,37.6,21.2,35.8,32,24.6,95,97.5,47.5,34,,
OS021001,163.4,44.3,10.9,17.7,22.3,30,24.5,37.6,38.7,24.4,34,21.5,23,83,81,37,29,,
OS021101,161.8,63.4,20.4,19.8,24.8,31.2,24,36.3,41.6,24.3,40.7,28,25.4,98.7,90,49.5,36.3,,
OS021201,172.1,80.2,26.7,18.9,23,31.6,25,40.1,40.3,23.6,41,32,36.5,105.5,101,55,37.5,,
OS021301,157.3,60.3,19.2,17,24.4,31.1,23.4,33.9,40,21.5,38,29,25.8,97,87,45.8,35,,
OS021401,164.6,63.7,19.2,17.8,22.9,28.7,23.7,36.4,39.6,23.8,37.5,31,26,89.5,90.5,53.5,39,,
OS021501,164.2,61.7,25.3,17.2,24.7,28.9,24.3,37.3,38.8,22.4,38.5,26.9,24.2,92.7,92.6,51.3,35.1,,
OS021601,165.2,65.3,21.8,19.3,24.8,30.4,24.3,38.4,42.8,23.2,36.5,28.4,26,92.7,95.3,45.5,35.8,,
OS021701,158.1,55.4,21.8,17.7,21.3,27,23,34.9,36.5,23,36,27,24.5,89,81,49,34,,
OS021801,177,67,21.7,20,24.7,31.1,25.2,40.7,41.2,25.5,36,27.7,25.5,96.5,86,50,35.8,,
OS021901,161.6,50.2,9.4,19.4,22.7,28.6,24.8,32.3,37,27.4,33,21.5,21,83,87,40,31,,
OS022001,162,57.7,18.7,16.4,23.5,29.5,23.7,36.5,40,24,35.9,27.3,24.6,92,84,45.4,32.8,,
OS022101,142.5,35,16,16.5,18.7,25.9,21.5,31.2,33.9,21.9,29,20,19,74.5,80.2,43,29.5,,
OS022201,141.6,50.9,27.3,15.3,20.6,26,21.7,32.7,33.7,20.5,32.6,28.6,22.2,90.5,90.6,50.7,36.8,,
OS022301,145.4,52.7,34.4,17.5,17.7,25.8,21.6,31.3,35.7,23,35.2,28,22.4,87.9,95.1,47.3,33.1,,
OS022401,155.1,64.4,33.4,17.6,21.4,27.6,22.3,34.8,39.2,24,34,33.3,24.4,98.7,97.2,54.1,36.3,,
OS022601,143.7,46.9,25.1,16.9,19.8,25.7,22,30.5,34.4,22,31.8,27.3,22.4,79.2,91.9,50.3,33.5,,
OS022701,151.2,63.1,42,17.3,24,29.6,22.6,34,34.6,23.6,32.4,31.8,25.2,93.5,93,56.1,36.6,,
OS022801,146.2,44.1,31.6,14.3,19.5,26.4,19.7,32.8,38.8,21.7,30,27.8,19.2,83.1,94.1,40.5,27.6,,
OS022901,148.2,51.5,27.9,17,21.2,27.1,22,30,37.8,24.5,32.8,29.2,22.7,85.4,99.4,51.1,34.2,,
OS023001,147.3,66.7,44.5,16.4,20.4,27.3,21.3,32.3,36,22.6,34.4,33.4,23.3,96.6,98.7,63,35.6,,
OS023101,157.6,48.2,24.3,18.2,22.4,29.1,23.2,34.6,39.7,24.7,33.9,23,21.4,88.3,81.2,41,30.2,,
OS023201,160.4,52.5,18.7,17.3,23.4,30.3,23.3,35.5,39.3,23.7,35.8,26,25.7,91,77,45,32,,
OS023301,160.7,55.4,12.3,18.9,22,28.9,23.4,33.8,36.9,24.2,36,26.5,25,92,87.5,47,35,,
OS023401,157.3,52.9,17.3,18.5,24.3,32.3,23,35.7,42.5,23.2,36,25,23,84,84,47,32,,
OS023501,154.4,53.4,26.4,17.4,21.2,26.7,22.8,32.8,37.8,25.8,30.4,27.9,23.6,88.5,89.1,54.1,37,,
OS023601,159.8,73.3,33.4,17.7,22.4,30,22.5,35,35.2,23.8,34.5,32.5,25,99.2,104.2,56,40,,
OS023701,162.9,63.8,25.6,19.9,23.5,29.8,25.5,35.7,39.7,23.8,40,30.5,24.5,91.5,85.7,51,35,,
OS023801,163.8,64.7,26.5,19,24.1,30.3,24.5,35.2,40.5,22.7,39.7,28,26.5,96,91,49,35,,
OS023901,140.2,41.6,17.5,15.8,20,24.5,22,29.7,33.1,20.4,34,26.5,23.3,85.2,73.7,44.6,32.4,,
OS024001,164.6,72.9,24.1,20.1,23.2,30.9,25,34.4,40.4,22.1,39,30.5,26.7,102.5,98,53,37.9,,
OS024101,158.2,52.8,20,17.8,22.9,30.8,24,37.9,39.5,22.4,35.6,25.4,23.9,91.2,80,48.6,31.8,,
OS024201,164.6,65.9,21.2,17.4,23.5,30.2,23.4,34.3,39.8,23.4,39.2,30.5,25.6,97,88,51.8,36,,
OS024301,156.1,55,22.1,19.9,21.9,28.9,24.6,32.8,36.4,23.1,37.4,27,25,91.7,85.4,47.4,32.5,,
OS024401,153.3,47.5,15.6,18,21.1,30.2,24,34.1,36.8,23.1,35.6,23.2,22.2,85.5,82,40.5,31,,
OS024501,154.5,49.5,23.8,16.6,22,29.1,23.3,34.7,37.8,23.3,32.2,26.4,21,85.4,87.8,43.8,31.3,,
OS024601,150.9,47.8,23.7,17.4,23.4,27.3,22,34.6,39.7,20.5,33,26.8,21.4,84.2,88.8,39.6,30.7,,
OS024701,150.3,54.7,33,17,20.7,25.8,21.7,31.9,34.2,24.5,34.5,29.8,24,87.6,94.5,46.5,33.2,,
OS024801,147,62.8,47.5,16.2,21.8,27.8,22.5,32.1,35,21.9,35.4,33,22.5,96.2,105.5,48.8,33.6,,
OS024901,151.3,45.7,24.3,17.9,21.4,26.7,23,32.2,37.6,22.2,32.5,22,21,81,85.5,45.4,31,,
OS025001,153.4,59.1,35.7,17.1,21.3,28.9,21.3,32,33.4,23.7,33.3,29.9,22.9,89.9,86.8,55,34.5,,
OS025101,154.7,46.2,22.4,17.3,20.9,29.3,22.8,34.2,38,25.6,34,25,20.5,82,86,42,31,,
OS025201,143.4,51.1,32.2,16.8,21.1,26.5,21.5,32.5,34.2,23.2,34,26.3,22.5,87.3,79.3,45.1,32,,
OS025301,155.6,50.1,23.7,16.6,21.2,27.5,23,34.7,37,24,34,22.2,21.3,86,87,41,31.8,,
OS025401,151,61.4,41.2,17.5,21.1,30.5,22.3,33.6,36,22.1,35.5,28.4,23.4,95.4,94.7,47,35.1,,
OS025501,147.5,52.2,33.3,17.4,20.6,29.1,20.5,31.8,34.4,22.7,32.6,31,24.5,86.2,92,42.4,31.6,,
OS025601,148.8,71.3,37,18.2,20.5,27.8,23,32.9,36.1,23.4,36.4,31.7,26.2,103,111.2,54.3,37.5,,
OS025701,149.1,60,32.3,17.3,22.3,28.1,22.7,32.7,35.7,21.5,37.5,28,23,92.1,101,46.3,36,,
OS025801,149.6,52.2,28.5,19.1,20.7,28.1,22.8,31.5,35.3,22.4,30.9,26,21.7,86.8,94.4,43.1,35,,
OS025901,150.4,52.9,31,16.2,21.4,25.9,22,33.9,36.7,23,32,28.1,21.3,95,96,45.2,33.2,,
OS026001,163.5,61.7,27.6,17.1,23.8,30.7,23.8,36.2,41.5,23.4,34.6,26.1,22.7,93,95,49,36.9,,
OS026101,158.1,55.3,21.6,16.1,23.6,28.9,22.5,34.9,35.3,23.8,35,25.3,22.7,86,92.2,42.4,32.6,,
OS026201,160,75.2,31.7,19.4,22.6,28.6,25.5,35,36,23,39.9,28.7,28.2,101.7,101.4,52.3,38.7,,
OS026301,160.3,64.1,25.3,17.8,23.7,28.7,24.5,33.7,39.5,25.2,40.5,28,23.9,102,90.5,49.4,33.7,,
OS026401,167.7,71.5,23.3,19.1,24.3,32.6,23.7,35.3,37.4,24.5,40.1,29.1,26.3,102.9,93.2,50.4,36.1,,
OS026501,174.9,75.2,26.2,20.3,24.2,32.7,25.5,38.4,42.2,24.3,39.2,30.2,26.2,101.5,96.2,51,36,,
OS026601,150,48.6,19.1,14.8,19.9,27.6,22.3,31.7,34.6,23.4,35,24.3,23.5,86.2,78.7,47.4,32.8,,
OS026701,156.4,73.4,24.4,18.9,21.6,30.4,24,32.5,37,22.8,38,29.4,26.1,99.3,101.7,54.4,40,,
OS026801,160.6,56.8,15.7,17.2,21.1,30,23,34.1,37.7,25.8,36.7,26.2,24.7,90.2,78,46.8,34.7,,
OS026901,149.6,56.1,32.3,16.6,19.8,27.5,22,34.8,37,24.4,33.5,29,23.5,88,99,47,34.5,,
OS027001,149.9,56.4,31,17.4,21.6,28,22,32.7,34.5,19.7,35.6,25.8,22.2,85.8,90.5,48.9,34.9,,
OS027101,168.7,66,17,19.1,24.8,30.9,24.8,37.4,39,24.3,40.2,27,24.8,95,88,47.5,36,100.1,134.2
OS027201,166.5,63.4,14,18.7,24.2,32.2,24.5,38.9,41.5,23,39,28.3,26,91.5,83.5,52.2,34.5,99.4,135.6
OS027301,162.5,72,21,18.4,21,29.4,25.2,36.7,39,23.1,40.5,31,28,100,97,55.3,38,96.9,128.6
OS027401,166.6,66.9,19,19.1,24.6,31.6,24.4,35.7,38.8,23.7,37.8,29,27,90,85.7,51.5,37.8,100,134.1
OS027501,165.7,72,22,19.2,24.9,31.8,25.3,38.2,40.9,21,38,31.4,27.2,94.8,95.3,53.5,37.5,101.3,134.7
OS027601,160,63.7,30,17.8,23.2,29.7,23.3,34.3,39.2,21.3,39,28.9,25.5,94.2,97.6,49.6,36.4,98.7,130.8
OS027701,158.2,62.1,19,19.2,22.8,29.9,23.5,36.3,37.4,26,37.5,28.5,26,97,90,50,36,91.8,126.1
OS027801,161.1,57.8,,18,24,30.4,23.7,36.8,38.4,22,36,27.6,25,88.7,81.7,47.9,32,95,129.3
OS027901,149.1,41.3,20,16.4,20.7,28,21.3,31.8,36.6,22.5,29.5,24.7,21.6,79,65.5,46,32,90,120
OS028001,144.3,49.3,30,17.3,20.8,27.4,20.9,31,31.5,22.1,34.7,30.5,23,80.4,83.5,53.6,32.9,86.1,116.1
OS028101,156.7,63.5,31,16.8,21.4,28.7,22.5,34.5,36.8,22.8,32.5,31,24.5,93.5,99.7,48.5,38.4,97,127.8
OS028201,153.6,53.4,30,18.7,22.2,29.6,23,35.9,37.7,23.3,33.3,28.7,23.5,86.1,92.1,43.8,33,92.9,123.5
OS028301,153.5,61.1,34,17.9,21.9,27.7,23.2,33.9,36.5,22.8,33.3,31,24.4,91.3,101.5,50.2,35.1,93.3,123
OS028401,151.4,42.1,17,17.2,20,29.8,23,30.7,37.8,24,31.5,22,20.1,78.6,85.9,42.4,32.2,88.2,120
OS028501,139.9,48.5,33,17.5,18.5,25.2,20.5,29.4,33,22.5,34.6,31.2,22.9,84.7,92.6,50.1,34,82,109.6
OS028601,142.4,43,28,17.4,21.1,28.4,21.9,31.5,33.8,23.7,34.4,24.7,20.6,82.4,88.4,46.3,31.1,84.6,112.3
OS028701,175.2,87,32,18.6,25.6,31.5,25.3,38.7,41.2,25.2,41,32.7,28.2,107,92,60,40,108.7,142.7
OS028801,166.3,63,20,16.9,24.4,30.6,25,35.9,38,24.5,39,29.3,26,94.4,73,54,36,102,134.4
OS028901,163.3,44.7,11,16.7,21.9,28,22.5,35,38.4,26,34.5,21.5,21.3,82.3,64.9,43.5,30.1,100.1,128.9
OS029001,168.9,54.9,14,19.4,24,31,24,35.4,40.5,25,36.5,25.8,25.5,91.1,72.8,45.9,34.3,102.2,135.7
OS029101,174.1,63.2,18,18.6,26.3,32.6,24.5,41.5,44.1,25.6,35.6,28,26.3,94.8,84.6,49.9,35.6,105,140.5
OS029201,177.7,64.8,18,18.8,25.8,32.4,26,38.6,43.4,25.7,37.7,26.9,24.6,90.1,88.8,49.9,34.8,109.6,143
OS029301,167.1,52.3,15,17.2,23.6,30.4,23.8,35,40.2,25.6,36,24.1,23.1,83.5,75.5,42.5,31.1,98.7,133.5
OS029401,168.9,52.9,12,19.5,23.2,29.3,24.6,36.6,41.7,26.5,34,25,24.2,82,81,49,34.2,104.5,135.2
OS029501,177.6,69,16,18.1,24.4,30.9,25.2,38.1,41.7,29.3,36.2,28.5,27.2,95.6,90.8,54.8,37.1,107.4,139.3
OS029601,158.3,42.4,18,16.5,21.5,29.9,22.5,33.6,42.6,24.5,28.6,21.9,19.9,77.2,71.9,42.9,31.9,96.5,129.5
OS029701,161.6,50,21,18.4,21.8,29.8,23.6,36.7,41.3,24.9,31.6,26.2,22.5,78.9,73,46.1,32.5,97.6,128.9
OS029801,164.4,63.8,30,18.2,23.6,29.4,24.3,35.7,43,24.9,35.4,32,24,97.7,96.7,49.7,35.6,96.8,130.1
OS029901,155.2,52.5,25,16.9,21,26.2,21.2,32.7,37,23.8,32,25.9,22,84.5,82,50.3,33.2,94.7,123.7
OS030001,166.5,49,19,18.5,23.8,28.9,24.5,38,39.6,25.8,31.7,21.5,21.4,76.8,69,46.7,34,101.3,133.8
OS030101,163,51.8,25,16.7,23.7,29.8,22.2,38.2,40,23.4,32.9,26.1,21.5,84.9,83.5,48.6,32.6,99.6,132.8
OS030201,156.6,66.8,37,16.6,22.6,29,22.4,35.2,38.5,24.2,36.8,32.2,26.2,97.3,101.9,50.2,38.1,95,126.6
OS030301,153,45.2,19,17.8,19.3,24.9,22,31.7,35.7,25.6,32.1,23.8,21,81.9,83,45,32.1,95.4,123.7
OS030401,155.6,50.9,22,16.2,22.6,28,21.8,35.4,36.6,24.2,32.9,24.8,21.6,78.8,88.2,52.2,36.3,93.8,124.4
OS030501,163.7,57.5,27,19.1,22.3,28.2,24.2,35.9,40.3,24.9,32.4,26.3,22.9,83.3,93.4,49.1,36.9,99,130.8
OS030601,160.4,49.2,20,17.3,21.9,29.7,22.8,33.8,42.7,27.7,32.1,26.2,22.2,78,80,43,32.2,94,126.2
OS030701,151.8,53.9,30,17.5,21.8,26.2,22.4,33.7,35.3,25.9,32.1,28.1,22.8,85.2,93.1,55.6,34.3,92,120
OS030801,150.7,41.8,21,16.5,19.8,28.2,21.6,31,37.2,24.4,29.5,23.7,20.1,77.8,80.9,47,30.9,90.2,120.1
OS030901,143.3,39.1,22,15.4,18.6,24.8,21.3,29.9,35.2,22.6,29.5,24.2,22.3,82.2,82.8,47.1,32.9,87.8,112.3
OS031001,158.9,56.3,26,16.8,22.2,28.4,23,33.2,37.8,22.2,32.9,26.9,23,85.4,87.6,50,35.2,96.3,127.7
OS031101,166,49.4,20,16.2,21.3,26.7,22.4,37.4,40.2,26.2,29.8,25.5,20.3,82.3,87.9,50,30.8,102.8,134.3
OS031201,159.9,47.8,18,17.2,21.8,26,22.6,34.3,35,25,31,28.6,23.4,77.2,72.2,52.6,32.9,99,128.5
OS031301,157.1,44.7,21,16.6,21.6,28.4,22.6,34.6,37.8,25.9,31.4,22.1,20.5,77.3,79.2,51,31.3,97.5,123.1
OS031401,148.8,48.8,22,16,20.2,25.5,21,31,35.8,25.2,29.8,23,21.4,76.4,80.5,49.9,33,88.8,117
OS031501,156.9,51.3,25,17,21.1,28.5,22.3,34.1,39.9,24.1,30,26.1,22.9,81.8,87,55.8,34.4,95.3,126.2
OS031601,160.5,47.1,21,17.8,21.4,27.4,24.5,34.1,39.6,26.3,29.8,21.1,20.3,78.2,76,48.1,33.4,99.1,128.7
OS031701,157.7,63.5,28,17.1,20.8,27.5,23,32.2,40.3,24.8,34,25.8,23.5,93.8,100.5,54.2,37.3,94.8,125.2
OS031801,156.6,63.1,25,18.6,22.7,29,23.5,34.7,38.4,22.6,40,27.3,26.5,95,93,60,33.9,96.9,127.6
OS031901,159,54.1,23,19.1,24,29.9,23.8,35.4,39,21.6,35.2,22.2,23,89.5,81.5,44.2,29.5,94.3,128.4
OS032001,154.4,48.6,17,18.3,21.7,30,25.5,35,38.9,24.8,35.5,23.8,23.4,85.7,84.3,41.1,29.8,92.2,126.8
OS032101,160.4,59.1,18,18.2,21.8,29.9,23.4,36.4,37.1,23.6,36.1,26.7,24.3,86.8,87,49.9,35,99.9,131.3
OS032201,172,67.6,20,19.3,24.7,31.8,25.2,37.8,42.8,24.3,38.3,28.6,25.8,94.9,89,54,36.3,103,139.9
OS032301,161.8,65.6,22,19,22.7,30.5,24.2,35.9,41.3,22.5,38.6,29.7,26.5,94.4,94.7,51.3,33.6,99.6,133.6
OS032401,155,51.1,17,19.1,22,29.5,23.5,34.4,38.2,24.8,35.8,29,24.8,90,77,44,32.7,91.2,124.7
OS032501,158.2,55.2,18,17.2,21.6,28.9,22.6,33.4,37.9,24.8,35.1,23.3,23,91.4,87.5,47.4,32.4,93,125.4
OS032601,150.6,62.9,29,17.3,21.1,29.2,22.3,34.3,36.8,21.6,37,28,24.5,103.3,98.1,54.1,35.6,91.7,123
OS032701,155.1,40.7,10,18.1,22.6,31,24,37.3,40.6,22.6,33.7,22,21.8,79.7,69,42.2,28.6,90.2,126.7
OS032801,165.8,60.3,23,17.4,23.7,33.5,24.6,36.3,43.5,23.1,36.7,25.8,24.9,95.9,86.9,50.2,34.5,97.8,134.2
OS032901,167.4,66.2,23,18.2,23.8,31.5,25.7,36.5,44.8,25.6,37.6,28.4,26.2,97,89.4,53.4,34.2,100.2,136.5
OS033001,147.2,57.8,38,17.1,21.8,27.1,22.4,32.8,35.9,21.6,35,28.2,24.2,95.8,103.4,50.2,32.1,88.4,119.4
OS033101,143.7,52.7,32,16.5,21.3,27.7,21.7,32.1,34.8,22.3,31,25.8,23.4,83.7,94.7,54.9,34.2,84.4,113.6
OS033201,157.8,62.2,35,17.2,21.3,30.2,23.5,36.5,41,23.6,34.4,29.1,25.3,89.3,101.8,53,36,94.8,128.7
OS033301,144,49.6,27,17.4,20.7,26.4,22.8,32.9,35.7,22.3,30.6,26.1,22.9,87.4,91.1,50.6,33.5,90.4,119
OS033401,150.6,63,38,17.5,21.5,27.8,23,33.2,40.3,21.9,38.6,25.5,23.9,101,103.3,54.8,35.8,89.4,120.3
OS033501,151.8,48.2,24,16.5,21.4,29.4,22.8,33,41.6,24.7,30.7,25.6,22.3,78.8,87,50.2,33.4,90.8,120.3
OS033601,145.3,50.8,28,17,20.4,25.6,22,30.8,36.6,23.7,35.7,25,22.3,85,94,51.3,33.7,85.4,114.3
OS033701,150.1,57.2,31,16.5,20.9,28.5,22.1,32.2,38.2,22.3,36,27.2,24,94.4,90,52.4,33.8,88,120.3
OS033801,147.1,53.6,30,15.9,22.5,26.7,22.5,35.4,38,22,33.7,26.4,23.2,85.5,93,52,34.2,88,118
OS033901,144.8,52.1,31,18,19.5,26,21.7,32.6,36,21,35,25.5,23,86.3,98.7,46,34.3,89,117.8
OS034001,143.9,61.1,38,17.1,20.1,27.2,21.2,32.9,38,21.7,34.2,30.9,23.7,90.3,106.4,51.8,35.2,85.1,116.6
OS034101,147.1,57.1,34,17.3,19.5,28.1,21.4,32.8,38.6,22.6,33.4,27.9,23.2,94,101.6,50.1,33,89.4,120.4
OS034201,147.1,63.7,41.9,16.8,21.7,28.4,22.2,32.6,36.4,21.3,36.5,31.4,24.3,99.7,102.7,49.6,35.6,88.4,119.6
OS034301,153.6,54.7,27,17.2,23.2,28.4,23.5,36.5,40.2,21.9,34,27,22.5,87.5,92,49,34,94.4,127.2
OS034401,151.4,51.6,28,16.9,21.6,28.1,22.2,34.2,37.8,24,32.5,27,23,85,92.5,50.4,34.1,89.8,119.1
OS034501,155.4,54,27,15.9,20.8,28.7,21,35.3,35.9,22.8,28.4,27.1,22.3,87.6,88,48.5,32.5,92,124
OS034601,152.2,44,24,17.9,21.9,28,22.6,33.1,38.3,22.2,28.9,23.2,20.1,77.8,85.1,50.3,30.3,93.6,124.3
OS034701,138.7,39.2,26,15.8,19.1,25.9,19.8,31.7,31.8,22.2,29.8,22,19.6,84.1,84,44.6,36.7,82.9,111.2
OS034801,142.4,60.6,40.5,16,20.5,28,20.9,29.8,34.8,21.9,33.1,28.2,23.5,100,104.9,55.8,36.2,84.7,114.4
OS034901,151,45.7,21,16,20.5,27.5,22.9,33.5,39.4,24.3,30.1,26.8,23.1,80.5,85.7,46.7,31.2,89.4,122.3
OS035001,138.1,53.7,33,16.9,19.2,27.9,22.2,32.7,36.3,19.7,29.9,28.7,23,89.5,100.7,53.7,34.3,82,111.4
OS035101,153.5,54.3,30,17.5,21,28,22,33.6,37.1,22.4,32.5,23,21.3,87.5,97.2,50.5,32.5,94.2,123.8
OS035201,157,47.1,22,17.8,21.1,28.8,22.7,37,40.2,24.8,30.7,21.7,21.5,79.8,89.8,49.8,31,97.2,127.7
OS035301,157.9,49,25,16.4,20.6,28.9,23.2,33.8,33.8,23,30.7,23.8,21.6,84.7,88.5,47.2,32,96.4,128.5
OS035401,159.2,52,19,18,22.2,27.8,22.5,34.2,37.7,24.5,35.8,23.6,23.2,89.4,88.8,46.4,31.5,96.4,127.7
OS035501,155.7,63.5,29,19,23.3,28.5,22.7,34.5,37.9,24.5,37.1,29,26,95.6,95.1,54.3,34.6,93,122.8
OS035601,171.2,67.9,20,17.3,24.1,30.9,25.4,38,42.9,23.7,37.2,27.4,26.8,96.8,85.7,55.2,36.4,105.6,140.7
OS035701,158.2,71.2,24,18,22.1,28.4,23.5,33.5,38.4,22.9,40.4,30.5,28.4,100.3,97,55.6,40.5,99.7,130.1
OS035801,154.9,59.3,31,18,21.9,28.9,22.6,32.7,37.6,24.9,35.8,28,26.6,92.9,87.2,52,32,92.6,125.4
OS035901,160.7,48.3,12,18.7,23.5,30.2,23.3,36.1,38.9,24.9,34.1,24.8,23,85,84.5,43,30,96.1,129.6
OS036001,153.1,51.7,20,17.3,21.4,27.4,23.6,33.7,39.3,24.4,35.3,26,24.5,87.9,84,49.3,33.5,91.9,121.2
OS036101,164.7,54,16,17.4,22.5,32.4,23.9,36,42.2,24.9,34.1,24.9,24.3,91.2,81.2,48.9,31.4,99.6,134.6
OS036201,157,71.5,35,17,22.2,29.5,23,34.5,37.3,23.5,39.6,28.7,28.7,100.4,96.6,64.2,37.5,94,128.9
OS036301,164.9,66.4,25,18.4,22.9,32.3,24.3,36.7,39.8,24.4,37,25.8,25.6,97.5,100.5,52,34.7,100.6,135
OS036401,158.6,69.1,31,18.2,21.4,27.3,24.3,33.8,36.6,23.6,38.2,29.3,27.8,94.5,98.5,58.6,37.2,96.3,127.1
OS036501,156.4,62.9,29,16.8,23.6,27.9,22.5,33.9,36.6,20.4,38.3,27.3,25.7,95.5,96,51,34.6,95.8,127.7
OS036601,156.6,54,19,17.9,23.3,27.5,24,34.3,39.2,23.2,37.6,25.4,24.7,90.9,82.4,50.7,33.3,95.4,126.7
OS036701,160.7,61.4,24,18.3,23.7,29.9,22.7,36,40.8,24.6,35.4,28.1,25.4,92.8,91.2,56.1,34.5,98.7,129.5
OS036801,163.4,65.4,30,20,23.5,29.3,24.8,37.7,39.9,23.1,38.1,26.8,25.2,99.4,90.6,51.5,35.1,100.2,131.2
OS036901,164.2,57.2,19,19.4,25.1,30.1,24,36.4,41,24,34.5,25.7,24.9,92.2,89.9,51.5,34,97.4,133
OS037001,152,45.5,13,17.5,19.4,27.4,23.5,33.1,37.8,22.9,35.2,22,21.2,86,78.7,45,29.2,91.3,122.6
OS037101,149.9,55.5,26,19.5,22.3,29.4,25,35.7,36,21.2,39,27.5,25.2,92.1,90,48,32.2,91,123.9
OS037201,167.4,67.4,27,18.1,26.5,29.4,25.5,35.2,40,25.9,39.5,26,25.3,102,93.4,50,33.9,105,137.2
OS037301,155.2,57.9,23,18.2,21.8,28.8,22.3,34.3,37.3,21.4,36.8,27.8,25,93.5,86.3,50.1,33.7,95.8,126.7
OS037401,162.6,61.9,24,17.5,23.6,31,23.8,35.7,41,22.1,37.2,25.6,24.9,96.3,86.4,51.9,33.7,100.1,133.4
OS037501,167.9,64.3,21,19.8,24.6,30.5,26.1,39.4,43.4,22.5,37.3,26.6,25,92.5,91.2,54.3,35,104.8,136.7
OS037601,163.4,58.2,28,18.7,22.6,29.3,23.5,37.1,39.3,23.2,36,25,23,90.4,83,51,32.7,102.5,131.3
OS037701,153.3,58.4,26,16.2,21.2,27.5,22.3,35.2,36.3,21,35,25.3,24.3,90.5,93.3,50,34.9,91.4,121.3
OS037801,164.4,64.9,30,18.2,23.4,31.7,23.9,36.6,40.5,24.2,38.5,27.1,26.2,95.7,98.7,53.5,32.8,101.4,135
OS037901,163.5,56.3,17,18.1,23.5,29.6,23.5,38.4,40,26,36.2,26,24.9,89.6,88,52,33.7,96.5,131.1
OS038001,154.8,52.3,16,18.2,21.4,28.2,22.5,34.7,35,24.2,35,26.9,26.2,85.9,73.7,50.9,36,94.2,124.1
OS038101,157.6,53.9,20,17,21,28.1,21.7,33.9,38.2,24.2,34.6,25.2,24.2,93.3,76.7,50.9,33.9,97.3,125.8
OS038201,166.1,67.2,21,17.8,25.5,28.7,24.5,35.4,37.2,23.6,36.8,27.5,25.7,92.4,88,56.9,37.9,101.9,135
OS038301,154.4,57.4,28,17.8,21.3,27.5,23,32.2,37.4,23.1,37.6,27.2,25.7,88.6,89,50.9,33.2,92.9,123.7
OS038401,168.3,64.4,20.3,19.5,23.1,30.9,24.5,35.9,39.3,24.6,39.3,28.5,25.6,94.1,84.5,51,33.9,101.2,136.5
OS038501,168.1,63.8,27.3,18.1,23.4,31,24.4,38,40,20.9,36.7,25.4,24.4,93.8,87,53.8,33.1,103.5,136.6
OS038601,149.8,54.8,32.7,17.8,20.8,26.6,23.6,35.2,36.2,22.7,33.4,26.6,23.9,86.7,95.9,52.5,34.6,91.3,121.2
OS038701,142.7,53.5,34.8,16.5,19,25.4,21.2,31.1,36.2,22.3,33.8,27.8,23.6,91.7,94.1,52.9,35.2,86.8,113.6
OS038801,144.6,57.2,38.2,16.8,20.2,27.4,21,31.2,34.3,22,31.2,29.9,24.4,91,99,57.6,36.3,89.2,117.2
OS038901,165.6,60.8,24.3,17.9,23.2,29.6,22.3,37.1,38.9,25.5,35.8,27.3,24.3,92.4,87.9,55.7,37,98.3,131.6
OS039001,167.3,79,38.1,18.4,24.2,31,24.4,36.6,41.2,25.6,35.8,33.8,26.8,97.8,106.6,60.7,38.9,100.7,134.2
OS039101,149.8,58,38,17,22.2,27.5,21.9,33.4,36,22.7,35.5,28.3,22.9,90.4,95.7,52.5,32.5,92,122.1
OS039201,146.7,44.1,21.2,16.7,20.7,26.3,21.3,31.5,35.8,23.4,31.3,25,22.2,82.3,83.3,48.4,33.7,87.5,116.9
OS039301,152.6,60.3,32.5,18,20.6,27.9,22.5,33.8,36.5,24,34,28.7,25,96.3,94.3,52,35,92.3,124.4
OS039401,143.3,51.9,34.5,16.7,19.3,26.6,19.9,31.9,34.7,22.2,34.3,27.4,22.5,88.7,95.7,50.7,34.5,88.8,116.7
OS039501,147.7,54.2,27.2,18.1,21.4,27.6,22.5,32.5,36.7,22,35.7,27,23.4,85,88.4,54,35,85.8,117.8
OS039601,141.6,49.8,32.6,16.8,19.5,25.5,22,31.8,32.1,22.3,32.1,27.4,22.6,83.1,90.6,54.2,31.1,84.3,113
OS039701,155.4,54.3,30,17.9,23.7,28,22.5,36.9,39,22.5,32.8,26.7,23.2,88.6,93.9,51.5,31.2,98.5,126.9
OS039801,151,49.9,26.5,17.6,19.8,29.7,22.5,32.3,34.5,24.3,32.5,26.2,23.6,83.5,84,46.7,33,85.8,118
OS039901,154.2,53.5,31.7,17.2,21,27.6,21.8,34.2,37.9,22.4,33,29.5,22.9,84.8,82,49.4,32.6,92.9,124.6
OS040101,152.7,58.3,36.8,16.5,23.5,28.5,23,34.4,38.3,22.4,33.3,27.8,24.3,96.4,96,50.2,34,92,124
OS040201,147.2,62.3,38.8,16.6,21.6,28.6,23,32.9,34.5,21.9,34.2,30.1,24.7,94.9,101.4,58.1,34.6,85.3,116.7
OS040301,146.4,43.9,21,15.1,20.2,27,21,31.8,37.6,24.9,32,22.4,21.2,80.4,86,45,30.1,87.8,116.8
OS050101,158.7,53.2,26.1,17.6,21.8,26.9,23,32.8,38.7,23.2,34.5,24.5,21.5,81,88,51,37,96.1,127
OS050201,161.6,45.9,20,18.6,23.3,26.5,23.2,37.4,40.8,23.1,27.9,22.2,20.1,78.3,84.4,50.4,35.4,101.1,132.2
OS050301,156.5,53.1,25.3,18.1,21,27.5,22.8,34.4,38.9,24.5,34.1,24.5,22,84.8,92,48.8,38,94.6,126.6
OS050501,157.7,51.1,27.2,16.4,22,28.3,22.5,34.4,40.2,24.8,31,24,21.3,82,96.8,49,33,94,125.1
OS050601,154.4,44.8,22.3,16.8,21.2,26,21.5,35,37.9,22.3,29.2,20.5,24.2,78,81.5,52,33.4,92.5,122.4
OS050701,152.9,50.5,28.2,16.6,21.9,27,21.8,32.4,40.1,24.5,30.6,28,23.4,83,92,52.8,34.5,92.6,122.4
OS050801,157,44.7,20,16.2,20.9,27.7,22,34.2,38.6,22.2,29.6,23.8,22,76.2,76,44,33,98,127.6
OS050901,162.2,50.9,21.9,18,21.1,26.5,23.2,33.8,38.2,24.4,31.1,26.3,22.2,83.6,86.5,46.2,34.4,100,131
OS051001,153,44.3,24.5,16.7,21.9,26,21.5,33.1,38.4,22.1,32,22.5,21,80,79.8,47.4,31,92.6,122.4
OS052001,158.1,48.8,25.6,17.7,22.6,27,23.5,34,36.8,24.8,32.2,23,19.7,83,82.2,48.8,32.3,,
OS052101,163.7,51.2,19.6,18,22.1,28.7,23.3,35.9,36,24.1,30.6,22.9,21.9,76.5,77.3,52,32.9,,
OS052201,163.5,56.1,25.8,18.4,22.6,30.9,23.5,36.8,42.4,24.4,36,24.5,23.1,88.8,78,53.4,35.4,,
OS052301,163.1,55.5,21.9,17.9,22.7,30,23,35.6,37.6,25.1,32.3,25.2,21,84.8,86.2,53.8,35.2,,
TK000101,165.9,83.2,29,18.1,23.9,30.3,24.8,36.8,45.6,23.2,41.6,30.6,28.5,103.7,101.4,60,43.8,,
TK000201,172.3,68.9,27,19.1,24.1,31.7,24.9,37.7,44.4,25.6,38.7,28.2,26.2,96.5,92.3,54.5,35.2,,
TK000301,175,63.8,21,18.5,25.3,30,25.3,37.7,42.7,24.9,35.9,28.3,27.5,93.1,85.8,54.9,35.8,,
TK000401,169.3,60.4,15,20,23.7,29.7,26,37.9,39.7,25.2,35,27.2,25.6,90.5,87,51.2,37.3,,
TK000501,170.8,63.8,18,18.1,24.2,30.2,24.5,35.5,41.5,27,40.7,27.8,25.5,90.6,86.7,52.4,36.8,,
TK000601,170.5,61.3,17,19.3,24.1,29.5,24.7,37.3,41.4,24.7,37.6,29.5,26.9,93,84.8,52.8,36.8,,
TK000701,170.9,84.3,26,18.7,24.3,30.8,25,37.4,42.3,23.1,42.7,31.5,27.6,102.8,101.3,62.4,42.3,,
TK000801,163,57.3,17,18.1,23.5,29.6,23.8,34.3,42.3,23.8,34.6,25.7,24.3,93.8,84.7,50.5,37.8,,
TK000901,163,54.9,23,17.8,24.2,31,23.6,37.3,44.3,25,33.2,28.6,24.2,85.3,90,53.5,33.1,,
TK001001,154.4,43.1,20,16.4,22.6,28,21.8,34,42,23.9,31,21.3,20.1,79.5,80,48.5,33.3,,
TK001101,163.6,64.1,21,17.9,23,30.4,23.8,33.7,40.2,21,38.8,28.3,26.5,96.3,89.9,52.5,36,101.5,135.8
TK001201,154.8,59.1,33,17.4,21,28.5,22.9,28.9,41.4,22.7,36,28.5,24,91.2,97.2,55.5,35.7,,
TK001301,148.5,58.1,36,16.8,22.8,27,23.2,33.7,35.2,23.4,37,28.5,24.4,92.4,97,54.7,33.6,,
TK001401,154.7,52.7,16,17.7,21.9,28.5,23.8,32.3,42,22.8,35,26.3,24.5,90,87,48,33.7,,
TK001501,149.3,56.1,35,18.5,22.6,30.5,22.3,32.1,43,21.2,32.8,27.7,24,92,99.8,52,34.6,,
TK001601,161.9,63.5,22,17.8,22.5,29.2,24,34.2,39.3,24.1,37,27.5,24.8,97,92,51.8,35.8,,
TK001701,152.7,49.8,30,17.2,21,27,23.4,33.4,37.8,22.5,32.7,27.2,22.3,88.1,90.4,52,33.3,,
TK001801,156.4,60.1,35,18.3,22,28.3,22.8,34,39.4,23,34.3,28.2,24.3,91.7,95,51.4,33.6,,
TK001901,153.1,49.4,16,17,21.2,27.3,23,32,37.6,22.7,35.4,25.5,22.5,85.5,83.3,48.1,32.2,,
TK002001,157.6,63.6,39,18.2,21.9,28.6,23.2,33.5,43,24.8,39.3,29.4,26.7,96.7,96.7,51.6,35.3,,
TK002201,161.1,58.9,20,17.9,22.5,29.8,23,31.3,44.7,22.5,38.5,26,24.3,89.7,90.9,48.1,34,,
TK002301,153.2,49,28,17.3,21,28.5,22.3,34.2,39.4,23.2,33.2,24,21.6,87.1,91.8,45.8,32,,
TK002401,152.3,56.6,31,17.5,21.5,25.8,23.1,33.5,39,23.4,35,24.6,23.8,92.8,91.5,50.3,32.8,,
TK002501,147.1,57.1,32.7,17,21.2,27,21.5,31.7,41.5,20.3,35.3,29,24.2,91.2,98.2,50.5,35.2,,
TK002601,161.3,69.8,25,17.9,23.1,29.6,23.6,34.7,40.6,23.5,40.3,29,27.1,102.2,99.5,53.1,37.9,,
TK002701,156,70.1,35,17,21.4,27.2,23.8,31.6,38.9,24.1,36.8,30.3,24.5,98.5,103.3,61.7,39.6,93.5,122.9
TK002801,154.3,55.6,20,16.6,21,27,22.9,32.2,41.3,23.4,38,26.9,24.8,91.4,89.8,45.4,34.7,,
TK002901,151.6,45.1,23,16.8,21.3,27.3,23.2,34.5,37,23.6,33.3,24.7,21.1,81.6,83,47.2,30.8,,
TK003001,166.2,54.3,13,18.8,24.8,30.1,24.3,35.4,40,23.4,37,26.2,24,88.8,84.6,48,35,,
TK003101,178,56.6,12,19.5,27.5,32.8,26.8,39.4,47.3,23.5,35.4,24.2,24.6,86.5,86.5,46.5,34,,
TK003201,175.2,57.3,15,18.8,23.9,28.8,26,37.8,41.6,27,38.5,25.5,24.3,86.3,88.5,51.3,34.4,,
TK003301,171.3,62.2,16,18.1,25.4,29.5,24.8,38.3,42.1,25.5,38.4,26.9,23.8,90.3,87.5,53,36.5,,
TK003401,153.7,49.3,25,17,21.6,27.5,23,34.5,37,25.2,32.6,26,22.1,82.6,85.6,54,33.9,,
TK003501,171.1,93.4,25,19.6,24.7,32,25,40.9,42,23,45.2,32.4,29.7,110.3,102.6,61.2,42.3,,
TK003601,154.8,53.3,18,17.7,23.4,26.8,23.7,32.5,38.8,24.1,35.4,26.2,21,91.6,83.5,47.7,37,,
TK003701,161,65.7,21,17.3,23.4,28.9,23.9,34.9,41.2,23.3,38.5,30.3,27.8,93.5,89.8,56.8,39,,
TK003801,170.2,61.4,13,18.5,24.5,29,24.8,35.8,41.3,25.8,34.2,28.9,26.1,91.1,90.2,53.1,38.9,,
TK003901,165.9,63.2,21,18,24.5,29.6,24.1,36.3,40.8,24,36,25.1,24.8,92.5,91.7,52.2,32,,
TK004001,150.7,41.3,23,17.1,20.9,28.6,21.4,31.8,38,22.7,32,22.8,20,78.8,86.9,44.3,28,88,120.6
TK004101,148.7,41.4,23,18.4,21.4,28,23.2,30.7,38.3,22.4,31.8,28.3,29.9,78,84,47.7,30.5,90.9,119.4
TK004201,146,50,30,18,21.3,28.2,22.8,31,38.1,20.6,35,25.3,22.9,86.3,92.1,52.5,31.2,86.4,116.5
TK004301,146.4,66.2,41,18.7,21.3,29.3,24.3,33.1,40.7,22.5,36.5,26.1,22.8,97.5,114,53.3,32,87.3,118
TK004401,161.6,57.5,15,18.7,23.7,30.1,24.3,36.2,41.5,23.6,35.5,22,22.4,87.2,89.6,47.6,33.2,99,130.2
TK004501,173.7,69.1,22,19.8,25.1,31,25.4,35.7,42,24.5,37,26.5,25.9,95.1,96.7,52.8,35,107.6,141.3
TK004601,164.3,63.3,22,19.1,24.6,32.1,25,36.5,42.3,23.4,37,25.5,24.1,93.7,93.2,48.2,33.3,103.4,137
TK004701,165.9,59.1,16,19.8,23.3,30.3,25.8,35,42,25.3,36.3,26,26.3,92.3,86.5,50.8,35.2,100.8,133.6
TK004801,159.1,47.4,11,17.7,21.8,28.5,24.7,34.3,40.7,23.2,36,22.5,23.3,86.6,83.1,45.9,31,95,127.5
TK004901,154.2,56.9,23,16.2,23,27.6,21.2,30.8,37.6,22,36.6,26.5,25,96.8,92.4,49.5,35.8,95,122.8
TK005001,157.4,47.1,23,17,22,28.2,23,30.9,40.1,25,32.5,23.2,21.5,83.4,84.1,51.4,33.8,96.1,126.4
TK005101,155.5,72.6,39,17,21.6,29.8,24.2,33.5,42.3,22.3,42,30.8,27.6,103.2,105.3,56.3,39.2,,
TK005201,156.2,59.6,32,18.1,21.7,28.2,22.7,31.7,40.8,24.3,36,27.1,25.1,91.3,95.5,53.6,37.1,95,127.3
TK005301,151.1,51.9,27,18.1,21.8,29.1,23.1,31.9,40.6,22.3,33.5,25,22.8,88.8,95.5,49,31.3,90.3,120.8
TK005401,136.8,46.2,36,18.8,19.8,26.2,21.5,30.6,40.6,21.8,33.5,28,21.8,86.6,100,49.5,30.8,81.1,108.3
TK005501,143.2,40.5,23,16.8,20.2,26.2,21.8,32,37.3,21.4,32.2,24.1,19.7,79.5,85.3,46.5,30.2,85.7,113.7
TK005601,157.6,53,13,17.6,23.3,30.5,24.7,33.8,41.3,23,35.3,26,25.6,91.1,84.5,48.2,35.9,92.7,126.5
TK005701,162.9,43.3,8,17.3,22.6,30.6,24.3,34,41,23.3,35.5,22,21.5,82,81,42,30.2,99.6,132.1
TK005801,157.8,64,21,17,22.9,30.6,23,33.9,40.8,22.1,39.4,27,26.5,97,91.8,54.6,36.7,96,129.9
TK005901,160.8,59.7,28,18.8,23.6,29,24.8,34,40.4,22.7,37,25.5,21.8,87.3,90,57.2,35,97.2,129
TK006001,164.8,59.4,19,19.6,22.5,27.5,26.4,33.6,41.1,22.6,37,25.3,24.8,94.4,88.6,49.4,32.5,102.2,133.5
TK006101,148.8,40.3,21,18.5,22,28.9,22.6,31.6,42.8,22.4,32.9,21.7,20.9,81.7,81.7,45.7,28.3,90.4,121.7
TK006201,157,59.2,22,17.4,21.7,28.1,24,31,39.1,22.9,37.5,27,26.2,93,93,50.5,35.3,97,127
TK006301,144.9,48.7,30,17,20.1,27.9,22.6,30.7,40.2,23.7,35.3,25.8,23,86.2,89.7,45.3,33.2,85.8,117.5
TK006401,160.4,63.3,25,18,24.2,29.3,23.8,34.4,44,24.5,39.4,26.7,25.9,99.2,95,49.1,34.5,97.3,130.5
TK006501,158,54.2,14,17,21.6,30.3,23.5,31.7,41.3,23,37.4,23.3,23.8,91,86.6,49.1,35.6,94.2,128
TK006601,159.1,64,32,18.3,22.2,30.1,23.3,34,41.7,22.3,36.7,28.3,25,89.5,101.1,53.5,37.2,94.3,128.2
TK006701,148.5,55.5,30,16.7,20,25.6,22,30.8,40.5,22.6,34.8,26,24.1,92,96.3,51.6,35.9,91.1,119.2
TK006801,168,67.3,23,18.5,23.5,31.5,23.3,34.7,41.4,23.8,38,27.6,26.8,96.6,98.4,51.7,35.2,103.2,137.5
TK006901,156.1,44,15,18,22.2,30.3,24.2,33.5,43.5,21.3,31.5,21.6,20,80.3,86.2,43.3,29.8,97.6,129.2
TK007001,160.5,63.5,29,18.6,21.9,29.3,24.3,33.6,41.2,24.5,37,29.2,26,87.5,98.2,58.6,38.6,96.4,127
TK007101,159.5,64.2,23,19.6,23.6,31.7,24.8,33.7,44.2,22.5,38.8,26.6,25.4,97.5,98.3,54,37.2,98,131.3
TK007201,166.3,60.7,22,18.8,23.2,30.8,25.3,34.2,42,23.8,37.2,26.4,25,90.5,89.5,51.4,34.9,101.7,135.1
TK007301,157.5,54.3,24,18.2,22.4,30,23.5,34.1,41,22.9,34.6,25.5,24.1,86.6,93.1,54.5,34.9,96.6,127.7
TK007401,158.7,48,23,18.6,21.9,28.8,23.3,33.2,40.8,24.4,32,24.2,22.4,84,86.1,47.7,30.7,96.9,127
TK007501,159.7,51.8,18,18,23.5,28.8,24,32.5,40.7,24,36.5,24.6,23.8,91.3,83.4,46.5,32.5,98.5,127.3
TK007601,147.7,45,27,16.3,18.7,27.5,21,28.6,39.2,22.5,31.5,24,21,83.5,87.5,49.8,30.2,90.5,120.1
TK007701,149.1,39.1,19,17.7,20.4,26.7,22.8,31,38.4,21.4,30.5,22.6,21.5,79.8,81.3,45,31.5,89.6,118.8
TK007801,169.2,84.4,27,20.1,24.4,32.3,25.5,35,46.1,21.5,44.1,30,28.3,109.2,99.5,56.6,41.3,105.5,141
TK007901,169.3,55.1,13,19,25,32.5,25.2,37,43.6,23,34.8,23.7,24.2,91.2,88.1,46.1,35.1,100,135
TK008001,160.9,65,38,17.6,21.6,28.7,22.3,33.6,41.3,23,36.5,29.2,25.4,96,102.1,52.6,34.5,99.2,131.5
TK008101,158.3,57.2,33,18,21,28.1,23.5,32.1,40.5,24,33,26.8,23,87,100.3,59.8,36,95,127.7
TK008201,177.3,62.25,14,20.2,26,34,26.8,38,45.2,24.2,37.5,24.5,25.5,90.6,88,49.6,36,107.5,144.7
TK008301,153.3,50.1,29,17.8,21.6,29.4,22.5,31.5,42.5,21.6,33,24.8,23,89,87.3,47,31,90.8,123
TK008401,173.4,59.6,19,19.5,24.1,32.5,26.2,35.9,44.7,23.5,35,24.8,25.2,87.3,92,49.2,34,105,142
TK008501,158.5,55.5,22,18,23.2,30,24,33.6,42.5,21.5,37.2,24.5,25.5,91,87.2,48.5,33.3,98.2,130.5
TK008601,152,54.6,18,18.5,22.1,28.3,23.1,32,39,21,38,27.3,25,92,86,49,34.5,92.3,123.2
TK008701,143.6,46.8,31,16.8,20.4,27.4,21.4,30.1,38.2,22,33.4,24.2,22.2,85.3,89.4,47.5,32,83.8,115
TK008801,140.4,45.1,27,16,18.5,26.5,20.2,27.5,37.5,20.8,32.8,25.1,22.8,84,91.5,47,32.7,87.3,115.6
TK008901,152.5,66.7,33,17.5,21.5,27.2,24.2,32.4,39.5,21.9,37.1,32,27,95.6,101,56.7,39.7,93.1,123.1
TK009001,158.7,51.3,19,18.5,22.6,27.3,23.6,33,40.5,21.6,36.1,22.9,23.6,89.2,85.1,45.6,32.6,97,127.5
TK009101,160.9,47.4,20,17.9,22,28.6,24.2,33,42.1,24.2,33,23.1,21.6,85,86,48.2,30.7,96.7,130.2
TK009201,152.3,55.8,29,17.6,20.8,28.1,22.8,30.7,42.6,21.1,34.4,26,25,89.5,90,50.2,37.4,94.4,125
TK009301,143.6,42.1,24,17.2,20.2,28.9,21.7,29.1,38.3,19.4,31,21.5,21.7,83,86.8,41.2,29.5,82.6,116.4
TK009401,165.3,54.5,15,18.4,23,30.2,24,34.1,40.7,24,37.5,23,24.7,90.8,85.2,46.5,33.2,99.9,131.6
TK009501,157.7,51.1,16,18.6,21.7,30.5,22.6,31.5,40,23.2,32.5,22.2,22,83.4,87,46.5,33.4,93.8,127.5
TK009601,144.7,47.2,28,17.4,20,27.7,22.3,29.5,37,20.4,32,25,22.1,86,93,46.5,29.2,86.3,116.7
TK009701,169.4,74.05,23,20,24,32.2,24.8,34.7,44.3,23,37,27,24.5,99,100.5,56.6,39.6,104.3,139.5
TK009801,161.1,50,17,19,23,30,24.5,33,42.3,21.4,34.1,24.1,23.6,89,81.5,45.5,32.2,97.8,134.6
TK009901,151,54.8,31,17,21.2,29,22.5,31.1,39,23,35,25.5,22.5,88,96.4,51.6,32.3,88.5,121.9
TK010001,164.5,52.3,20,17.7,22.3,30.4,24.8,35.2,40.9,24.6,35,25,23.1,88.1,85,48,31.5,98.3,132.5
TK010101,178.5,76.8,21,20.2,24.8,31.1,26.3,36.5,44.4,24.8,39,31.2,29.5,101.5,95,57,38,109.7,144.1
TK010201,158,47.5,22,18,22,29,24.5,33,41.4,23,30,23.7,21.8,79.5,84.7,51.8,33.1,95.9,128
TK010301,161.4,50.3,25,17.5,22,28.9,23,33.2,41.7,24.4,32,23.7,22.5,84,85.4,53.7,31.7,98.6,130.8
TK010401,170.1,61.6,23,18.1,24.7,30.1,24.8,36.2,44.3,22,37,26.2,25.3,95,89,51.5,34.5,104.6,139.8
TK010501,155,65.8,37,,22,29,23,31.6,41.8,23.7,34,26,24.3,88,96.5,62.8,39.5,91.5,125.2
TK010601,164.3,57.65,25,17.4,23,31.1,22.7,32.3,42.4,23.6,33.1,25,22.8,91,83.5,55,36.5,98.5,132.6
TK010701,176.4,58.4,19,19.3,27.4,32.7,25.6,38.1,46.9,23.4,34.1,26.1,26,92.1,87,50.7,33.1,107.6,147.4
TK010801,160.9,57.25,27,17,23.6,30,22.6,33.3,44.2,22.4,31.5,25.1,22.7,90,91,56.2,35.4,98.7,132.5
TK010901,154.6,52,28,16.6,21.1,29.7,22.9,32.1,39.2,22.8,31.5,25.1,22.7,86.5,87.3,54.7,35.9,92.3,124.5
TK011001,175.5,81.6,24,19,25.4,32.2,26.3,37.2,42.7,24.5,37,27.1,26.3,102.3,99.5,64.2,41.2,107.5,144
TK011101,150.5,48.95,28,17.4,21.2,27.2,22.3,30.4,40.4,23.1,32.1,24.7,22.5,89.4,89.6,51,33.2,92.3,122.5
TK011201,165,60.9,20,18.4,23.5,29.6,25.6,34.6,41.9,24.2,37,25.9,25.1,92.4,86.8,53.5,34.4,98.1,132
TK011301,153.4,46.6,22,16.4,20.2,26.1,21.2,31.4,40.9,23.3,32,22.3,22.3,79.7,81,50.2,31.8,93.1,123
TK011401,168.8,46.7,12,18.8,25,30.6,24.5,34.5,44.9,23.5,34.5,21.4,22,84.5,78,45,28.8,103.3,136.7
TK011501,156.9,58.6,34,16.1,21.8,28.1,20.5,31.1,40.6,23.5,34.5,26.5,25.1,91,95.6,58,35,96.3,127.2
TK011601,155.9,61,36,17.7,21.6,27.8,22.3,33.4,38,23.6,34,27.3,24.9,89,93.2,58.6,37,96.7,127.3
TK011701,165.8,55.95,19,19,24.6,32.1,24,34.8,41.4,26.3,36,25.4,23.6,92.5,87.7,49.7,32.5,100,132.4
TK011801,152.7,49.7,28,17.3,20.2,26.5,22.6,31,39.1,23.1,32.8,25,22,84,89.2,52.2,33.5,92.5,122.5
TK011901,157.8,66.8,35,18.1,21.8,30.8,24.4,32.8,42.7,20.7,37.7,27,24.2,95,109.5,56.1,36.3,96.1,132.1
TK012001,143.6,46.25,29,17,19.8,27.7,21.8,29.3,37.4,23.1,32.3,25.7,22.7,86.3,86.4,52.7,34,84.9,115.7
TK012101,165.8,60.47,26,18.6,24.6,31,25.2,36.1,41.1,22.2,32,24.6,23,88,91.1,57.2,35.5,102.2,137.5
TK012201,162.5,58.3,18,17.2,23.6,30.9,23.2,33,43.1,24,36.7,25.5,25,91,89.1,50.2,34.7,97.3,133.3
TK012301,159.1,58.2,28,17.5,22.1,29.1,23.8,32.8,41.8,22.8,34.5,25.8,24.9,87.7,90.3,56,37.2,97,129.6
TK012401,177,72,25,20,26.7,32.2,26.3,38.8,45.4,26.1,37.8,28.1,27.2,99.4,98.1,53.2,35.3,109.5,145.6
TK012501,145.5,45.7,30,17.4,20.6,26.9,21.6,30,40,22.2,32.2,24,21,83.1,85.8,51,31.7,88.1,117.6
TK012601,159,52.95,18,18.3,24.7,29.5,24.6,32.3,41.4,24,36.5,25.5,25.1,90,83,47.1,32.5,96.1,129.4
TK012701,181.7,68.8,18,19.6,26.5,33.2,27,38.8,45.4,25.5,39.1,26.1,25.6,95.6,94,49.8,36,108,145.1
